Bisleri Club Soda,Bisleri Water,Cadbury Bournvita Health Drink Refill,Diet Coke Tin,Red Bull Energy Drink,Sprite,Thums Up,Maaza Mango Drink,Bisleri Club Soda,Diet Coke Tin,Mapro Coolz Rose Sharbat,Red Bull Energy Drink,Rooh Afza,Sprite,,,,,,,,,,,,,,,
Bisleri Water,Bisleri Club Soda,Brooke Bond Red Label Tea Carton,Bru Instant Coffee,Cadbury Hot Chocolate Drinking Powder,Diet Coke Tin,Lipton Green Tea Bags - Honey Lemon,Society Tea,wheatflour,riceflour,kabulichana,matki,masoordal,masoordalbrown,chanadal,Monginis Muffins Chocolate Cake,Nutella_,blackchana,chawlibeans,corn,kabulichana,Nestlé Everyday Dairy Whitener,Amul Butter,Amul Garlic _ Herbs Buttery Spread,Amul Gold Homogenised Standardised Milk,Amul Masti Dahi,Amul Taaza Toned Milk,Chitale Full Cream Shrikhand Amba,Delicious Fat Spread
Brooke Bond Red Label Tea Carton,Bru Instant Coffee,Cadbury Bournvita Health Drink Refill,Cadbury Hot Chocolate Drinking Powder,Girnar Detox Desi Kahwa Green Tea,Le Cafe Coffee Jar,Lipton Green Tea Bags - Honey Lemon,Nescafe Gold Blend Coffee Jar,blackchana,chawlibeans,corn,kabulichana,Nestlé Everyday Dairy Whitener,Amul Butter,Amul Garlic _ Herbs Buttery Spread,Amul Gold Homogenised Standardised Milk,Amul Masti Dahi,Amul Taaza Toned Milk,Chitale Full Cream Shrikhand Amba,Delicious Fat Spread,,,,,,,,,
Bru Instant Coffee,Cadbury Hot Chocolate Drinking Powder,Brooke Bond Red Label Tea Carton,Cadbury Bournvita Health Drink Refill,Girnar Detox Desi Kahwa Green Tea,Le Cafe Coffee Jar,Lipton Green Tea Bags - Honey Lemon,Nescafé Classic Coffee Jar,blackchana,chawlibeans,corn,kabulichana,Nestlé Everyday Dairy Whitener,Amul Butter,Amul Garlic _ Herbs Buttery Spread,Amul Gold Homogenised Standardised Milk,Amul Masti Dahi,Amul Taaza Toned Milk,Chitale Full Cream Shrikhand Amba,Delicious Fat Spread,,,,,,,,,
Cadbury Bournvita Health Drink Refill,Cadbury Hot Chocolate Drinking Powder,Girnar Detox Desi Kahwa Green Tea,Hershey_s Chocolate Syrup,Lipton Green Tea Bags - Honey Lemon,Pediasure Nutritional Powder - Premium Chocolate F,Protinex Original Health Drink,Tropicana Mixed Fruit Delight Juice,,,,Nestlé Everyday Dairy Whitener,Amul Butter,Amul Garlic _ Herbs Buttery Spread,Amul Gold Homogenised Standardised Milk,Amul Masti Dahi,Amul Taaza Toned Milk,Chitale Full Cream Shrikhand Amba,Delicious Fat Spread,,,,,,,,,,
Cadbury Hot Chocolate Drinking Powder,Cadbury Bournvita Health Drink Refill,Girnar Detox Desi Kahwa Green Tea,Hershey_s Chocolate Syrup,Lipton Green Tea Bags - Honey Lemon,Pediasure Nutritional Powder - Premium Chocolate F,Protinex Original Health Drink,Bisleri Water,blackchana,chawlibeans,corn,kabulichana,Nestlé Everyday Dairy Whitener,Amul Butter,Amul Garlic _ Herbs Buttery Spread,Amul Gold Homogenised Standardised Milk,Amul Masti Dahi,Amul Taaza Toned Milk,Chitale Full Cream Shrikhand Amba,Delicious Fat Spread,,,,,,,,,
Diet Coke Tin,Maaza Mango Drink,Red Bull Energy Drink,Sprite,Thums Up,Tropicana Mixed Fruit Delight Juice,Yakult Light Health Drink,Go Milk Double Toned Milk,,,,Nestlé Everyday Dairy Whitener,Amul Butter,Amul Garlic _ Herbs Buttery Spread,Amul Gold Homogenised Standardised Milk,Amul Masti Dahi,Amul Taaza Toned Milk,Chitale Full Cream Shrikhand Amba,Delicious Fat Spread,,,,,,,,,,
Girnar Detox Desi Kahwa Green Tea,Brooke Bond Red Label Tea Carton,Bru Instant Coffee,Hershey_s Chocolate Syrup,Lipton Green Tea Bags - Honey Lemon,Nescafé Classic Coffee Jar,Nescafe Gold Blend Coffee Jar,Tata Tea Gold,blackchana,chawlibeans,corn,kabulichana,,Maaza Mango Drink,Bisleri Club Soda,Diet Coke Tin,Mapro Coolz Rose Sharbat,Red Bull Energy Drink,Rooh Afza,Sprite,,,,,,,,,
Hershey_s Chocolate Syrup,Maaza Mango Drink,Mapro Coolz Rose Sharbat,Pediasure Nutritional Powder - Premium Chocolate F,Protinex Chocolate Flavour Health Drink Tin,Tang Orange Powder,Monginis Muffins Chocolate Cake,Nutella_,Maaza Mango Drink,Bisleri Club Soda,Diet Coke Tin,Mapro Coolz Rose Sharbat,Red Bull Energy Drink,Rooh Afza,Sprite,,,,,,,,,,,,,,
Le Cafe Coffee Jar,Bru Instant Coffee,Lipton Green Tea Bags - Honey Lemon,Nescafé Classic Coffee Jar,Nescafe Gold Blend Coffee Jar,Good day biscuits_,Unibic chocolate cookies_,Protinex Original Health Drink,,,,Nestlé Everyday Dairy Whitener,Amul Butter,Amul Garlic _ Herbs Buttery Spread,Amul Gold Homogenised Standardised Milk,Amul Masti Dahi,Amul Taaza Toned Milk,Chitale Full Cream Shrikhand Amba,Delicious Fat Spread,,,,,,,,,,
Lipton Green Tea Bags - Honey Lemon,Le Cafe Coffee Jar,Bru Instant Coffee,Nescafé Classic Coffee Jar,Nescafe Gold Blend Coffee Jar,Good day biscuits_,Protinex Chocolate Flavour Health Drink Tin,Protinex Original Health Drink,,,,Nestlé Everyday Dairy Whitener,Amul Butter,Amul Garlic _ Herbs Buttery Spread,Amul Gold Homogenised Standardised Milk,Amul Masti Dahi,Amul Taaza Toned Milk,Chitale Full Cream Shrikhand Amba,Delicious Fat Spread,,,,,,,,,,
Maaza Mango Drink,Bisleri Club Soda,Diet Coke Tin,Mapro Coolz Rose Sharbat,Red Bull Energy Drink,Rooh Afza,Sprite,Thums Up,Nestlé Everyday Dairy Whitener,Amul Butter,Amul Garlic _ Herbs Buttery Spread,Amul Gold Homogenised Standardised Milk,Amul Masti Dahi,Amul Taaza Toned Milk,Chitale Full Cream Shrikhand Amba,Delicious Fat Spread,,,,,,,,,,,,,
Mapro Coolz Rose Sharbat,Bisleri Club Soda,Diet Coke Tin,Mapro Coolz Rose Sharbat,Red Bull Energy Drink,Rooh Afza,Sprite,Thums Up,Pediasure Nutritional Powder - Premium Chocolate F,Protinex Original Health Drink,Tropicana Mixed Fruit Delight Juice,blackchana,chawlibeans,corn,kabulichana,Nestlé Everyday Dairy Whitener,Amul Butter,Amul Garlic _ Herbs Buttery Spread,Amul Gold Homogenised Standardised Milk,Amul Masti Dahi,Amul Taaza Toned Milk,Chitale Full Cream Shrikhand Amba,Delicious Fat Spread,,,,,,
Nescafé Classic Coffee Jar,Nescafé Classic Coffee,Nescafe Gold Blend Coffee Jar,Pediasure Nutritional Powder - Premium Chocolate F,Protinex Chocolate Flavour Health Drink Tin,Real Fruit Power Orange Juice,Red Bull Energy Drink,Society Tea,Pediasure Nutritional Powder - Premium Chocolate F,Protinex Original Health Drink,Bisleri Water,blackchana,chawlibeans,corn,kabulichana,matki,moong,Rooh Afza,Cadbury Bournvita Health Drink Refill,Diet Coke Tin,,,,,,,,,
Nescafé Classic Coffee,Nescafé Classic Coffee Jar,Nescafe Gold Blend Coffee Jar,Pediasure Nutritional Powder - Premium Chocolate F,Real Fruit Power Orange Juice,Red Bull Energy Drink,Society Tea,Tata Tea Gold,Tropicana Mixed Fruit Delight Juice,Yakult Light Health Drink,Go Milk Double Toned Milk,blackchana,chawlibeans,corn,kabulichana,,,,,,,,,,,,,,
Nescafe Gold Blend Coffee Jar,Nescafé Classic Coffee,Pediasure Nutritional Powder - Premium Chocolate F,Real Fruit Power Orange Juice,Red Bull Energy Drink,Society Tea,Tata Tea Gold,Lipton Green Tea Bags - Honey Lemon,Nescafé Classic Coffee Jar,Nescafe Gold Blend Coffee Jar,Tata Tea Gold,blackchana,chawlibeans,corn,kabulichana,matki,moong,Rooh Afza,Cadbury Bournvita Health Drink Refill,Diet Coke Tin,,,,,,,,,
Pediasure Nutritional Powder - Premium Chocolate F,Bisleri Water,Cadbury Bournvita Health Drink Refill,Cadbury Hot Chocolate Drinking Powder,Lipton Green Tea Bags - Honey Lemon,Nescafé Classic Coffee,Protinex Chocolate Flavour Health Drink Tin,Protinex Original Health Drink,Tang Orange Powder,Monginis Muffins Chocolate Cake,Nutella_,blackchana,chawlibeans,corn,kabulichana,,,,,,,,,,,,,,
Protinex Chocolate Flavour Health Drink Tin,Brooke Bond Red Label Tea Carton,Bru Instant Coffee,Cadbury Bournvita Health Drink Refill,Cadbury Hot Chocolate Drinking Powder,Hershey_s Chocolate Syrup,Lipton Green Tea Bags - Honey Lemon,Pediasure Nutritional Powder - Premium Chocolate F,Good day biscuits_,Unibic chocolate cookies_,Protinex Original Health Drink,,,Maaza Mango Drink,Bisleri Club Soda,Diet Coke Tin,Mapro Coolz Rose Sharbat,Red Bull Energy Drink,Rooh Afza,Sprite,,,,,,,,,
Protinex Original Health Drink,Bisleri Water,Cadbury Bournvita Health Drink Refill,Cadbury Hot Chocolate Drinking Powder,Maaza Mango Drink,Pediasure Nutritional Powder - Premium Chocolate F,Protinex Chocolate Flavour Health Drink Tin,Real Fruit Power Orange Juice,Good day biscuits_,Protinex Chocolate Flavour Health Drink Tin,Protinex Original Health Drink,blackchana,chawlibeans,corn,kabulichana,,,,,,,,,,,,,,
Real Fruit Power Orange Juice,Bisleri Club Soda,Bisleri Water,Diet Coke Tin,Le Cafe Coffee Jar,Maaza Mango Drink,Red Bull Energy Drink,Rooh Afza,blackchana,chawlibeans,corn,kabulichana,matki,moong,Rooh Afza,Cadbury Bournvita Health Drink Refill,Diet Coke Tin,,,,,,,,,,,,
Red Bull Energy Drink,Bisleri Water,Cadbury Bournvita Health Drink Refill,Diet Coke Tin,Lipton Green Tea Bags - Honey Lemon,Maaza Mango Drink,Rooh Afza,Sprite,blackchana,chawlibeans,corn,kabulichana,matki,moong,Rooh Afza,Cadbury Bournvita Health Drink Refill,Diet Coke Tin,,,,,,,,,,,,
Rooh Afza,Cadbury Bournvita Health Drink Refill,Diet Coke Tin,Lipton Green Tea Bags - Honey Lemon,Red Bull Energy Drink,Maaza Mango Drink,Mapro Coolz Rose Sharbat,Tang Orange Powder,Nestlé Everyday Dairy Whitener,Amul Butter,Amul Garlic _ Herbs Buttery Spread,Amul Gold Homogenised Standardised Milk,Amul Masti Dahi,Amul Taaza Toned Milk,Chitale Full Cream Shrikhand Amba,Delicious Fat Spread,Nestlé Everyday Dairy Whitener,Amul Butter,Amul Garlic _ Herbs Buttery Spread,Amul Gold Homogenised Standardised Milk,Amul Masti Dahi,Amul Taaza Toned Milk,Chitale Full Cream Shrikhand Amba,Delicious Fat Spread,,,,,
Society Tea,Brooke Bond Red Label Tea Carton,Bru Instant Coffee,Girnar Detox Desi Kahwa Green Tea,Hershey_s Chocolate Syrup,Le Cafe Coffee Jar,Lipton Green Tea Bags - Honey Lemon,Nescafé Classic Coffee Jar,Amul Garlic _ Herbs Buttery Spread,Amul Butter,Amul Cheese Chiplets,Amul Fresh Paneer,blackchana,chawlibeans,corn,kabulichana,Nestlé Everyday Dairy Whitener,Amul Butter,Amul Garlic _ Herbs Buttery Spread,Amul Gold Homogenised Standardised Milk,Amul Masti Dahi,Amul Taaza Toned Milk,Chitale Full Cream Shrikhand Amba,Delicious Fat Spread,,,,,
Sprite,Bisleri Water,Diet Coke Tin,Maaza Mango Drink,Mapro Coolz Rose Sharbat,Real Fruit Power Orange Juice,Red Bull Energy Drink,Tang Orange Powder,blackchana,chawlibeans,corn,kabulichana,,Maaza Mango Drink,Bisleri Club Soda,Diet Coke Tin,Mapro Coolz Rose Sharbat,Red Bull Energy Drink,Rooh Afza,Sprite,,,,,,,,,
Tang Orange Powder,Bisleri Water,Bisleri Club Soda,Diet Coke Tin,Mapro Coolz Rose Sharbat,Pediasure Nutritional Powder - Premium Chocolate F,Protinex Chocolate Flavour Health Drink Tin,Good day biscuits_,Rooh Afza,Cadbury Bournvita Health Drink Refill,Diet Coke Tin,Lipton Green Tea Bags - Honey Lemon,blackchana,chawlibeans,corn,kabulichana,Nestlé Everyday Dairy Whitener,Amul Butter,Amul Garlic _ Herbs Buttery Spread,Amul Gold Homogenised Standardised Milk,Amul Masti Dahi,Amul Taaza Toned Milk,Chitale Full Cream Shrikhand Amba,Delicious Fat Spread,,,,,
Tata Tea Gold,Brooke Bond Red Label Tea Carton,Bru Instant Coffee,Cadbury Hot Chocolate Drinking Powder,Diet Coke Tin,Girnar Detox Desi Kahwa Green Tea,Hershey_s Chocolate Syrup,Maaza Mango Drink,blackchana,chawlibeans,corn,kabulichana,,,,,,,,,,,,,,,,,
Thums Up,Diet Coke Tin,Lipton Green Tea Bags - Honey Lemon,Maaza Mango Drink,Red Bull Energy Drink,Rooh Afza,Tang Orange Powder,Tropicana Mixed Fruit Delight Juice,blackchana,chawlibeans,corn,kabulichana,Nestlé Everyday Dairy Whitener,Amul Butter,Amul Garlic _ Herbs Buttery Spread,Amul Gold Homogenised Standardised Milk,Amul Masti Dahi,Amul Taaza Toned Milk,Chitale Full Cream Shrikhand Amba,Delicious Fat Spread,,,,,,,,,
Tropicana Mixed Fruit Delight Juice,Bisleri Water,Diet Coke Tin,Maaza Mango Drink,Mapro Coolz Rose Sharbat,Real Fruit Power Orange Juice,Red Bull Energy Drink,Rooh Afza,blackchana,chawlibeans,corn,kabulichana,,,,,,,,,,,,,,,,,
Yakult Light Health Drink,Bisleri Water,Cadbury Bournvita Health Drink Refill,Cadbury Hot Chocolate Drinking Powder,Diet Coke Tin,Maaza Mango Drink,Mapro Coolz Rose Sharbat,Real Fruit Power Orange Juice,blackchana,chawlibeans,corn,kabulichana,,,,,,,,,,,,,,,,,
Amul Butter,Amul Cheese Chiplets,Amul Fresh Paneer,Amul Garlic _ Herbs Buttery Spread,Amul Masti Dahi,Amul Shrikhand Elaichi,Epigamia Low Fat Greek Yogurt Alphonso Mango,Yakult Probiotic Health Drink,blackchana,chawlibeans,corn,kabulichana,matki,moong,Rooh Afza,Cadbury Bournvita Health Drink Refill,Diet Coke Tin,,,,,,,,,,,,
Amul Cheese Chiplets,Hershey_s Chocolate Syrup,Amul Butter,Amul Fresh Paneer,Amul Garlic _ Herbs Buttery Spread,Amul Masti Dahi,Amul Shrikhand Elaichi,Amul Taaza Toned Milk,blackchana,chawlibeans,corn,kabulichana,matki,moong,Rooh Afza,Cadbury Bournvita Health Drink Refill,Diet Coke Tin,,,,,,,,,,,,
Amul Fresh Paneer,Amul Butter,Amul Cheese Chiplets,Amul Fresh Paneer,Amul Garlic _ Herbs Buttery Spread,Amul Gold Homogenised Standardised Milk,Amul Masti Dahi,Amul Taaza Toned Milk,blackchana,chawlibeans,corn,kabulichana,,,,,,,,,,,,,,,,,
Amul Garlic _ Herbs Buttery Spread,Amul Butter,Amul Cheese Chiplets,Amul Fresh Paneer,Amul Masti Dahi,Amul Shrikhand Kesar,nutralite fat spread,Home chef ketchup_,blackchana,chawlibeans,corn,kabulichana,,,,,,,,,,,,,,,,,
Amul Gold Homogenised Standardised Milk,Bisleri Water,Brooke Bond Red Label Tea Carton,Bru Instant Coffee,Cadbury Bournvita Health Drink Refill,Protinex Chocolate Flavour Health Drink Tin,Society Tea,Amul Taaza Toned Milk,blackchana,chawlibeans,corn,kabulichana,,,,,,,,,,,,,,,,,
Amul Masti Dahi,Amul Butter,Amul Cheese Chiplets,Amul Garlic _ Herbs Buttery Spread,Amul Shrikhand Elaichi,Amul Taaza Toned Milk,Britannia Cheese Slices,Chitale Full Cream Shrikhand Amba,blackchana,chawlibeans,corn,kabulichana,Nestlé Everyday Dairy Whitener,Amul Butter,Amul Garlic _ Herbs Buttery Spread,Amul Gold Homogenised Standardised Milk,Amul Masti Dahi,Amul Taaza Toned Milk,Chitale Full Cream Shrikhand Amba,Delicious Fat Spread,,,,,,,,,
Amul Shrikhand Elaichi,Epigamia Low Fat Greek Yogurt Alphonso Mango,Amul Cheese Chiplets,Amul Fresh Paneer,Amul Garlic _ Herbs Buttery Spread,Amul Masti Dahi,Amul Masti Dahi,Chitale Full Cream Shrikhand Amba,blackchana,chawlibeans,corn,kabulichana,Nestlé Everyday Dairy Whitener,Amul Butter,Amul Garlic _ Herbs Buttery Spread,Amul Gold Homogenised Standardised Milk,Amul Masti Dahi,Amul Taaza Toned Milk,Chitale Full Cream Shrikhand Amba,Delicious Fat Spread,,,,,,,,,
Amul Shrikhand Kesar,Go Milk Double Toned Milk,Gowardhan Paneer Classic Block,Amul Cheese Chiplets,Amul Fresh Paneer,Amul Shrikhand Elaichi,Britannia Cheese Slices,Britannia Cheese Slices,blackchana,chawlibeans,corn,kabulichana,Nestlé Everyday Dairy Whitener,Amul Butter,Amul Garlic _ Herbs Buttery Spread,Amul Gold Homogenised Standardised Milk,Amul Masti Dahi,Amul Taaza Toned Milk,Chitale Full Cream Shrikhand Amba,Delicious Fat Spread,,,,,,,,,
Amul Taaza Toned Milk,Brooke Bond Red Label Tea Carton,Bru Instant Coffee,Hershey_s Chocolate Syrup,Pediasure Nutritional Powder - Premium Chocolate F,Amul Gold Homogenised Standardised Milk,Amul Masti Dahi,Britannia Cheese Slices,blackchana,chawlibeans,corn,kabulichana,,,,,,,,,,,,,,,,,
Britannia Cheese Slices,Amul Butter,Amul Cheese Chiplets,Amul Fresh Paneer,Amul Garlic _ Herbs Buttery Spread,Amul Gold Homogenised Standardised Milk,Amul Masti Dahi,Amul Shrikhand Elaichi,Nestlé Everyday Dairy Whitener,Amul Butter,Amul Garlic _ Herbs Buttery Spread,Amul Gold Homogenised Standardised Milk,Amul Masti Dahi,Amul Taaza Toned Milk,Chitale Full Cream Shrikhand Amba,Delicious Fat Spread,,,,,,,,,,,,,
Chitale Full Cream Shrikhand Amba,Amul Butter,Amul Cheese Chiplets,Amul Fresh Paneer,Amul Garlic _ Herbs Buttery Spread,Amul Gold Homogenised Standardised Milk,Amul Shrikhand Kesar,Amul Taaza Toned Milk,blackchana,chawlibeans,corn,kabulichana,,,,,,,,,,,,,,,,,
Delicious Fat Spread,Amul Butter,Amul Cheese Chiplets,Amul Fresh Paneer,Amul Garlic _ Herbs Buttery Spread,Amul Shrikhand Kesar,Amul Shrikhand Elaichi,Nutella_,Nestlé Everyday Dairy Whitener,Amul Butter,Amul Garlic _ Herbs Buttery Spread,Amul Gold Homogenised Standardised Milk,Amul Masti Dahi,Amul Taaza Toned Milk,Chitale Full Cream Shrikhand Amba,Delicious Fat Spread,,,,,,,,,,,,,
Epigamia Low Fat Greek Yogurt Alphonso Mango,Yakult Light Health Drink,Amul Butter,Amul Cheese Chiplets,Amul Taaza Toned Milk,Go Milk Double Toned Milk,Nandini Good Life Toned Milk,Yakult Probiotic Health Drink,,blackchana,chawlibeans,corn,kabulichana,matki,moong,Rooh Afza,Cadbury Bournvita Health Drink Refill,Diet Coke Tin,,,,,,,,,,,
Go Milk Double Toned Milk,Bisleri Club Soda,Brooke Bond Red Label Tea Carton,Bru Instant Coffee,Cadbury Hot Chocolate Drinking Powder,Hershey_s Chocolate Syrup,Pediasure Nutritional Powder - Premium Chocolate F,Protinex Chocolate Flavour Health Drink Tin,,blackchana,chawlibeans,corn,kabulichana,matki,moong,Rooh Afza,Cadbury Bournvita Health Drink Refill,Diet Coke Tin,,,,,,,,,,,
Gowardhan Paneer Classic Block,Amul Butter,Amul Cheese Chiplets,Amul Fresh Paneer,Amul Garlic _ Herbs Buttery Spread,Amul Gold Homogenised Standardised Milk,Amul Masti Dahi,Amul Shrikhand Kesar,Nestlé Everyday Dairy Whitener,Amul Butter,Amul Garlic _ Herbs Buttery Spread,Amul Gold Homogenised Standardised Milk,Amul Masti Dahi,Amul Taaza Toned Milk,Chitale Full Cream Shrikhand Amba,Delicious Fat Spread,,,,,,,,,,,,,
Nandini Good Life Toned Milk,Amul Butter,Amul Cheese Chiplets,Amul Masti Dahi,Amul Shrikhand Elaichi,Britannia Cheese Slices,Chitale Full Cream Shrikhand Amba,Epigamia Low Fat Greek Yogurt Alphonso Mango,blackchana,chawlibeans,corn,kabulichana,matki,moong,Rooh Afza,Cadbury Bournvita Health Drink Refill,Diet Coke Tin,,,,,,,,,,,,
Nestlé Everyday Dairy Whitener,Amul Butter,Amul Garlic _ Herbs Buttery Spread,Amul Gold Homogenised Standardised Milk,Amul Masti Dahi,Amul Taaza Toned Milk,Chitale Full Cream Shrikhand Amba,Delicious Fat Spread,,,,,,,,,,,,,,,,,,,,,
Yakult Probiotic Health Drink,Yakult Light Health Drink,Epigamia Low Fat Greek Yogurt Alphonso Mango,Amul Masti Dahi,Amul Butter,Protinex Original Health Drink,,,,,,,,,,,,,,,,,,,,,,,
nutralite fat spread,,Maaza Mango Drink,Bisleri Club Soda,Diet Coke Tin,Mapro Coolz Rose Sharbat,Red Bull Energy Drink,Rooh Afza,Sprite,,,,,,,,,,,,,,,,,,,,
APPLE,cherry,DRAGONFRUIT,grapes,Maaza Mango Drink,papaya,Nestlé Everyday Dairy Whitener,Amul Butter,Amul Garlic _ Herbs Buttery Spread,Amul Gold Homogenised Standardised Milk,Amul Masti Dahi,Amul Taaza Toned Milk,Chitale Full Cream Shrikhand Amba,Delicious Fat Spread,,,,,,,,,,,,,,,
cherry,pineapple,Strawberry_,watermelon,APPLE,grapes,Maaza Mango Drink,Bisleri Club Soda,Diet Coke Tin,Mapro Coolz Rose Sharbat,Red Bull Energy Drink,Rooh Afza,Sprite,,,,,,,,,,,,,,,,
DRAGONFRUIT,Strawberry_,grapes,cherry,papaya,watermelon,Nestlé Everyday Dairy Whitener,Amul Butter,Amul Garlic _ Herbs Buttery Spread,Amul Gold Homogenised Standardised Milk,Amul Masti Dahi,Amul Taaza Toned Milk,Chitale Full Cream Shrikhand Amba,Delicious Fat Spread,,,,,,,,,,,,,,,
figs,papaya,Strawberry_,watermelon,cherry,DRAGONFRUIT,Nestlé Everyday Dairy Whitener,Amul Butter,Amul Garlic _ Herbs Buttery Spread,Amul Gold Homogenised Standardised Milk,Amul Masti Dahi,Amul Taaza Toned Milk,Chitale Full Cream Shrikhand Amba,Delicious Fat Spread,,Maaza Mango Drink,Bisleri Club Soda,Diet Coke Tin,Mapro Coolz Rose Sharbat,Red Bull Energy Drink,Rooh Afza,Sprite,,,,,,,
grapes,Strawberry_,papaya,pineapple,DRAGONFRUIT,cherry,Nestlé Everyday Dairy Whitener,Amul Butter,Amul Garlic _ Herbs Buttery Spread,Amul Gold Homogenised Standardised Milk,Amul Masti Dahi,Amul Taaza Toned Milk,Chitale Full Cream Shrikhand Amba,Delicious Fat Spread,,,,,,,,,,,,,,,
images1,Maaza Mango Drink,Bisleri Club Soda,Diet Coke Tin,Mapro Coolz Rose Sharbat,Red Bull Energy Drink,Rooh Afza,Sprite,Amul Garlic _ Herbs Buttery Spread,Amul Gold Homogenised Standardised Milk,Amul Masti Dahi,Amul Taaza Toned Milk,Chitale Full Cream Shrikhand Amba,Delicious Fat Spread,,Maaza Mango Drink,Bisleri Club Soda,Diet Coke Tin,Mapro Coolz Rose Sharbat,Red Bull Energy Drink,Rooh Afza,Sprite,,,,,,,
images2,Maaza Mango Drink,Bisleri Club Soda,Diet Coke Tin,Mapro Coolz Rose Sharbat,Red Bull Energy Drink,Rooh Afza,Sprite,Amul Garlic _ Herbs Buttery Spread,Amul Gold Homogenised Standardised Milk,Amul Masti Dahi,Amul Taaza Toned Milk,Chitale Full Cream Shrikhand Amba,Delicious Fat Spread,,,,,,,,,,,,,,,
images3,Maaza Mango Drink,Bisleri Club Soda,Diet Coke Tin,Mapro Coolz Rose Sharbat,Red Bull Energy Drink,Rooh Afza,Sprite,Amul Garlic _ Herbs Buttery Spread,Amul Gold Homogenised Standardised Milk,Amul Masti Dahi,Amul Taaza Toned Milk,Chitale Full Cream Shrikhand Amba,Delicious Fat Spread,,,,,,,,,,,,,,,
papaya,Strawberry_,DRAGONFRUIT,pineapple,grapes,cherry,almonds,anjeer,cashews,dates,,,,,,,,,,,,,,,,,,,
pineapple,papaya,Strawberry_,DRAGONFRUIT,Watermelon_,pineapple,Maaza Mango Drink,Bisleri Club Soda,Diet Coke Tin,Mapro Coolz Rose Sharbat,Red Bull Energy Drink,Rooh Afza,Sprite,,,,,,,,,,,,,,,,
Strawberry_,grapes,papaya,Watermelon_,DRAGONFRUIT,grapes,Nestlé Everyday Dairy Whitener,Amul Butter,Amul Garlic _ Herbs Buttery Spread,Amul Gold Homogenised Standardised Milk,Amul Masti Dahi,Amul Taaza Toned Milk,Chitale Full Cream Shrikhand Amba,Delicious Fat Spread,,,,,,,,,,,,,,,
watermelon,APPLE,grapes,Strawberry_,papaya,DRAGONFRUIT,Nestlé Everyday Dairy Whitener,Amul Butter,Amul Garlic _ Herbs Buttery Spread,Amul Gold Homogenised Standardised Milk,Amul Masti Dahi,Amul Taaza Toned Milk,Chitale Full Cream Shrikhand Amba,Delicious Fat Spread,,,,,,,,,,,,,,,
Watermelon_,pineapple,APPLE,grapes,Strawberry_,papaya,Nestlé Everyday Dairy Whitener,Amul Butter,Amul Garlic _ Herbs Buttery Spread,Amul Gold Homogenised Standardised Milk,Amul Masti Dahi,Amul Taaza Toned Milk,Chitale Full Cream Shrikhand Amba,Delicious Fat Spread,,,,,,,,,,,,,,,
chanadal,chanadal,masoordal,masoordalbrown,moongdal,dal,Rooh Afza,Cadbury Bournvita Health Drink Refill,Diet Coke Tin,Lipton Green Tea Bags - Honey Lemon,blackchana,chawlibeans,corn,kabulichana,matki,moong,Rooh Afza,Cadbury Bournvita Health Drink Refill,Diet Coke Tin,,,,,,,,,,
dal,turdal,masoordalbrown,turdal,masoordal,moongdal,almonds,anjeer,cashews,dates,blackchana,chawlibeans,corn,kabulichana,matki,moong,Rooh Afza,Cadbury Bournvita Health Drink Refill,Diet Coke Tin,,,,,,,,,,
masoordal,masoordalbrown,chanadal,dal,turdal,masoordal,Rooh Afza,Cadbury Bournvita Health Drink Refill,Diet Coke Tin,Lipton Green Tea Bags - Honey Lemon,blackchana,chawlibeans,corn,kabulichana,matki,moong,Rooh Afza,Cadbury Bournvita Health Drink Refill,Diet Coke Tin,,,,,,,,,,
masoordalbrown,chanadal,turdal,dal,masoordalbrown,turdal,,,,blackchana,chawlibeans,corn,kabulichana,matki,moong,Rooh Afza,Cadbury Bournvita Health Drink Refill,Diet Coke Tin,,,,,,,,,,,
moongdal,masoordal,chanadal,masoordal,dal,turdal,Rooh Afza,Cadbury Bournvita Health Drink Refill,Diet Coke Tin,Lipton Green Tea Bags - Honey Lemon,Nestlé Everyday Dairy Whitener,Amul Butter,Amul Garlic _ Herbs Buttery Spread,Amul Gold Homogenised Standardised Milk,Amul Masti Dahi,Amul Taaza Toned Milk,Chitale Full Cream Shrikhand Amba,Delicious Fat Spread,,,,,,,,,,,
turdal,masoordal,masoordalbrown,moongdal,turdal,chanadal,almonds,anjeer,cashews,dates,,,,,,,,,,,,,,,,,,,
almonds,anjeer,cashews,dates,walnut,raisinsblack,Rooh Afza,Cadbury Bournvita Health Drink Refill,Diet Coke Tin,Lipton Green Tea Bags - Honey Lemon,Nestlé Everyday Dairy Whitener,Amul Butter,Amul Garlic _ Herbs Buttery Spread,Amul Gold Homogenised Standardised Milk,Amul Masti Dahi,Amul Taaza Toned Milk,Chitale Full Cream Shrikhand Amba,Delicious Fat Spread,,,,,,,,,,,
anjeer,almonds,pista,walnut,dates,raisinsbrown,,Nestlé Everyday Dairy Whitener,Amul Butter,Amul Garlic _ Herbs Buttery Spread,Amul Gold Homogenised Standardised Milk,Amul Masti Dahi,Amul Taaza Toned Milk,Chitale Full Cream Shrikhand Amba,Delicious Fat Spread,,,,,,,,,,,,,,
cashews,cashews,anjeer,pista,walnut,raisinsblack,,almonds,anjeer,cashews,dates,almonds,anjeer,cashews,dates,,,,,,,,,,,,,,
dates,pista,almonds,anjeer,raisinsblack,walnut,almonds,anjeer,cashews,dates,Amul Gold Homogenised Standardised Milk,Amul Masti Dahi,Amul Taaza Toned Milk,Chitale Full Cream Shrikhand Amba,Delicious Fat Spread,,,,,,,,,,,,,,
pista,almonds,cashews,walnut,anjeer,raisinsblack,,almonds,anjeer,cashews,dates,,,,,,,,,,,,,,,,,,
raisinsblack,cashews,almonds,pista,walnut,anjeer,almonds,anjeer,cashews,dates,almonds,anjeer,cashews,dates,,,,,,,,,,,,,,,
raisinsbrown,dates,cashews,almonds,pista,walnut,almonds,anjeer,cashews,dates,almonds,anjeer,cashews,dates,,,,,,,,,,,,,,,
walnut,cashews,pista,almonds,raisinsblack,anjeer,almonds,anjeer,cashews,dates,,,,,,,,,,,,,,,,,,,
riceflour,wheat,kabulichana,matki,wheatflour,moong,Rooh Afza,Cadbury Bournvita Health Drink Refill,Diet Coke Tin,Lipton Green Tea Bags - Honey Lemon,Nestlé Everyday Dairy Whitener,Amul Butter,Amul Garlic _ Herbs Buttery Spread,Amul Gold Homogenised Standardised Milk,Amul Masti Dahi,Amul Taaza Toned Milk,Chitale Full Cream Shrikhand Amba,Delicious Fat Spread,,almonds,anjeer,cashews,dates,,,,,,
wheat,riceflour,kabulichana,matki,wheatflour,moong,almonds,anjeer,cashews,dates,almonds,anjeer,cashews,dates,,,,,,,,,,,,,,,
wheatflour,riceflour,kabulichana,matki,wheat,moong,almonds,anjeer,cashews,dates,,,,,,,,,,,,,,,,,,,
dalda,gowardhan,daldad,prabhsat ghee,avocado-oil,coconut_oil,Rooh Afza,Cadbury Bournvita Health Drink Refill,Diet Coke Tin,Lipton Green Tea Bags - Honey Lemon,Nestlé Everyday Dairy Whitener,Amul Butter,Amul Garlic _ Herbs Buttery Spread,Amul Gold Homogenised Standardised Milk,Amul Masti Dahi,Amul Taaza Toned Milk,Chitale Full Cream Shrikhand Amba,Delicious Fat Spread,,,,,,,,,,,
daldad,prabhsat ghee,gowardhan,coconut_oil,avocado-oil,olive_oil,almonds,anjeer,cashews,dates,almonds,anjeer,cashews,dates,,,,,,,,,,,,,,,
gowardhan,dalda,prabhsat ghee,dalda,coconut_oil,olive_oil,almonds,anjeer,cashews,dates,almonds,anjeer,cashews,dates,,,,,,,,,,,,,,,
prabhsat ghee,avocado-oil,dalda,peanut_oil,gowardhan,coconut_oil,Rooh Afza,Cadbury Bournvita Health Drink Refill,Diet Coke Tin,Lipton Green Tea Bags - Honey Lemon,Nestlé Everyday Dairy Whitener,Amul Butter,Amul Garlic _ Herbs Buttery Spread,Amul Gold Homogenised Standardised Milk,Amul Masti Dahi,Amul Taaza Toned Milk,Chitale Full Cream Shrikhand Amba,Delicious Fat Spread,,,,,,,,,,,
avocado-oil,peanut_oil,avocado-oil,dalda,prabhsat ghee,gowardhan,,almonds,anjeer,cashews,dates,almonds,anjeer,cashews,dates,,,,,,,,,,,,,,
black-sesame-seed,avocado-oil,coconut_oil,sesameoil,dalda,prabhsat ghee,,almonds,anjeer,cashews,dates,almonds,anjeer,cashews,dates,,,,,,,,,,,,,,
coconut_oil,peanut_oil,avocado-oil,black-sesame-seed,sesameoil,peanut_oil,Amul Garlic _ Herbs Buttery Spread,Amul Butter,Amul Cheese Chiplets,Amul Fresh Paneer,Nestlé Everyday Dairy Whitener,Amul Butter,Amul Garlic _ Herbs Buttery Spread,Amul Gold Homogenised Standardised Milk,Amul Masti Dahi,Amul Taaza Toned Milk,Chitale Full Cream Shrikhand Amba,Delicious Fat Spread,,almonds,anjeer,cashews,dates,,,,,,
olive_oil,avocado-oil,coconut_oil,gowardhan,black-sesame-seed,sesameoil,Rooh Afza,Cadbury Bournvita Health Drink Refill,Diet Coke Tin,Lipton Green Tea Bags - Honey Lemon,Nestlé Everyday Dairy Whitener,Amul Butter,Amul Garlic _ Herbs Buttery Spread,Amul Gold Homogenised Standardised Milk,Amul Masti Dahi,Amul Taaza Toned Milk,Chitale Full Cream Shrikhand Amba,Delicious Fat Spread,,,,,,,,,,,
peanut_oil,olive_oil,avocado-oil,prabhsat ghee,sesameoil,black-sesame-seed,Amul Garlic _ Herbs Buttery Spread,Amul Butter,Amul Cheese Chiplets,Amul Fresh Paneer,,,,,,,,,,,,,,,,,,,
sesameoil,peanut_oil,coconut_oil,gowardhan,prabhsat ghee,olive_oil,Rooh Afza,Cadbury Bournvita Health Drink Refill,Diet Coke Tin,Lipton Green Tea Bags - Honey Lemon,Nestlé Everyday Dairy Whitener,Amul Butter,Amul Garlic _ Herbs Buttery Spread,Amul Gold Homogenised Standardised Milk,Amul Masti Dahi,Amul Taaza Toned Milk,Chitale Full Cream Shrikhand Amba,Delicious Fat Spread,,,,,,,,,,,
blackchana,chawlibeans,corn,kabulichana,matki,moong,Rooh Afza,Cadbury Bournvita Health Drink Refill,Diet Coke Tin,Lipton Green Tea Bags - Honey Lemon,Nestlé Everyday Dairy Whitener,Amul Butter,Amul Garlic _ Herbs Buttery Spread,Amul Gold Homogenised Standardised Milk,Amul Masti Dahi,Amul Taaza Toned Milk,Chitale Full Cream Shrikhand Amba,Delicious Fat Spread,,,,,,,,,,,
chawlibeans,blackchana,chawlibeans,corn,kabulichana,matki,Rooh Afza,Cadbury Bournvita Health Drink Refill,Diet Coke Tin,Lipton Green Tea Bags - Honey Lemon,Nestlé Everyday Dairy Whitener,Amul Butter,Amul Garlic _ Herbs Buttery Spread,Amul Gold Homogenised Standardised Milk,Amul Masti Dahi,Amul Taaza Toned Milk,Chitale Full Cream Shrikhand Amba,Delicious Fat Spread,,,,,,,,,,,
corn,matki,blackchana,chawlibeans,corn,kabulichana,Rooh Afza,Cadbury Bournvita Health Drink Refill,Diet Coke Tin,Lipton Green Tea Bags - Honey Lemon,,,,,,,,,,,,,,,,,,,
kabulichana,moong,matki,blackchana,chawlibeans,corn,Rooh Afza,Cadbury Bournvita Health Drink Refill,Diet Coke Tin,Lipton Green Tea Bags - Honey Lemon,Nestlé Everyday Dairy Whitener,Amul Butter,Amul Garlic _ Herbs Buttery Spread,Amul Gold Homogenised Standardised Milk,Amul Masti Dahi,Amul Taaza Toned Milk,Chitale Full Cream Shrikhand Amba,Delicious Fat Spread,,,,,,,,,,,
matki,Rajma,moong,matki,blackchana,chawlibeans,Rooh Afza,Cadbury Bournvita Health Drink Refill,Diet Coke Tin,Lipton Green Tea Bags - Honey Lemon,,,,,,,,,,,,,,,,,,,
moong,Rajma,moong,matki,blackchana,chawlibeans,chanadal,dal,masoordal,moongdal,corn,,,,,,,,,,,,,,,,,,
Rajma,moong,matki,blackchana,chawlibeans,chanadal,dal,masoordal,moongdal,corn,kabulichana,Amul Garlic _ Herbs Buttery Spread,Amul Butter,Amul Cheese Chiplets,Amul Fresh Paneer,,,,,,,,,,,,,,
seasametilblack,til,black-sesame-seed,sesameoil,Rajma,moong,matki,blackchana,chawlibeans,chawlibeans,corn,almonds,anjeer,cashews,dates,,,,,,,,,,,,,,
til,black-sesame-seed,sesameoil,Rajma,moong,matki,blackchana,chawlibeans,chawlibeans,corn,til,almonds,anjeer,cashews,dates,,,,,,,,,,,,,,
Beans,Beetroot,Broccoli,Cauliflower,Cabbages,Carrots,Spring_onions,Garlic,Ginger,Spinach,Potatoes,Amul Garlic _ Herbs Buttery Spread,Amul Butter,Amul Cheese Chiplets,Amul Fresh Paneer,,,,,,,,,,,,,,
Beetroot,Carrots,Spring_onions,Garlic,Ginger,Spinach,Potatoes,Broccoli,Cauliflower,Cabbages,Beans,almonds,anjeer,cashews,dates,almonds,anjeer,cashews,dates,,,,,,,,,,
Broccoli,Cauliflower,Cabbages,Beans,Spring_onions,Spinach,Garlic,Ginger,Carrots,Potatoes,Beetroot,almonds,anjeer,cashews,dates,,,,,,,,,,,,,,
Cabbages,Cauliflower,Broccoli,Spring_onions,Spinach,Beans,Garlic,Ginger,Carrots,Potatoes,Beetroot,almonds,anjeer,cashews,dates,,,,,,,,,,,,,,
Carrots,Beetroot,Potatoes,Ginger,Garlic,Spring_onions,Spinach,Beans,Cauliflower,Broccoli,Cabbages,almonds,anjeer,cashews,dates,,,,,,,,,,,,,,
Cauliflower,Cabbages,Broccoli,Spring_onions,Spinach,Beans,Beetroot,Potatoes,Ginger,Garlic,Carrots,,,,,,,,,,,,,,,,,,
Garlic,Ginger,Spring_onions,Beetroot,Potatoes,Carrots,Cabbages,Broccoli,Spinach,Beans,Cauliflower,,,,,,,,,,,,,,,,,,
Ginger,Garlic,Beetroot,Potatoes,Spring_onions,Carrots,Cabbages,Broccoli,Spinach,Beans,Cauliflower,Amul Garlic _ Herbs Buttery Spread,Amul Butter,Amul Cheese Chiplets,Amul Fresh Paneer,,,,,,,,,,,,,,
Potatoes,Beetroot,Carrots,Spring_onions,Garlic,Ginger,Spinach,Broccoli,Cauliflower,Cabbages,Beans,,,,,,,,,,,,,,,,,,
Spinach,Spring_onions,Broccoli,Cauliflower,Cabbages,Beans,Beetroot,Carrots,Spring_onions,Garlic,Ginger,almonds,anjeer,cashews,dates,,,,,,,,,,,,,,
Spring_onions,Garlic,Ginger,Broccoli,Cauliflower,Cabbages,Beans,Beetroot,Carrots,Spinach,Potatoes,almonds,anjeer,cashews,dates,,,,,,,,,,,,,,
Britannia Treat Croissant Cocoa Creme Roll,Lotte Choco Pie Rich Cocoa,Monginis Swiss Roll Choco Cake,Parle Real Elaichi Premium Rusk,Kwality Maska Khari,Unibic chocolate cookies_,Parle Real Elaichi Premium Rusk,Good day biscuits_,Monginis Muffins Chocolate Cake,Hide _ seek biscuits_,Unibic biscuits_,Amul Garlic _ Herbs Buttery Spread,Amul Butter,Amul Cheese Chiplets,Amul Fresh Paneer,,,,,,,,,,,,,,
Kwality Maska Khari,Parle Real Elaichi Premium Rusk,Parle Real Elaichi Premium Rusk,Hide _ seek biscuits_,Good day biscuits_,Unibic chocolate cookies_,Unibic biscuits_,Lotte Choco Pie Rich Cocoa,Monginis Swiss Roll Choco Cake,Monginis Muffins Chocolate Cake,Britannia Treat Croissant Cocoa Creme Roll,,,,,,,,,,,,,,,,,,
Lotte Choco Pie Rich Cocoa,Monginis Swiss Roll Choco Cake,Monginis Muffins Chocolate Cake,Britannia Treat Croissant Cocoa Creme Roll,Unibic chocolate cookies_,Unibic biscuits_,Hide _ seek biscuits_,Good day biscuits_,Parle Real Elaichi Premium Rusk,Parle Real Elaichi Premium Rusk,Kwality Maska Khari,Amul Garlic _ Herbs Buttery Spread,Amul Butter,Amul Cheese Chiplets,Amul Fresh Paneer,,almonds,anjeer,cashews,dates,,,,,,,,,
Monginis Muffins Chocolate Cake,Monginis Swiss Roll Choco Cake,Lotte Choco Pie Rich Cocoa,Britannia Treat Croissant Cocoa Creme Roll,Unibic chocolate cookies_,Unibic biscuits_,Hide _ seek biscuits_,Good day biscuits_,Parle Real Elaichi Premium Rusk,Parle Real Elaichi Premium Rusk,Kwality Maska Khari,Nestlé Everyday Dairy Whitener,Amul Butter,Amul Garlic _ Herbs Buttery Spread,Amul Gold Homogenised Standardised Milk,Amul Masti Dahi,Amul Taaza Toned Milk,Chitale Full Cream Shrikhand Amba,Delicious Fat Spread,,,,,,,,,,
Monginis Swiss Roll Choco Cake,Britannia Treat Croissant Cocoa Creme Roll,Lotte Choco Pie Rich Cocoa,Monginis Muffins Chocolate Cake,Unibic chocolate cookies_,Unibic biscuits_,Hide _ seek biscuits_,Good day biscuits_,Parle Real Elaichi Premium Rusk,Parle Real Elaichi Premium Rusk,Kwality Maska Khari,Nestlé Everyday Dairy Whitener,Amul Butter,Amul Garlic _ Herbs Buttery Spread,Amul Gold Homogenised Standardised Milk,Amul Masti Dahi,Amul Taaza Toned Milk,Chitale Full Cream Shrikhand Amba,Delicious Fat Spread,,,,,,,,,,
Parle Real Elaichi Premium Rusk,Kwality Maska Khari,Unibic biscuits_,Hide _ seek biscuits_,Good day biscuits_,Unibic chocolate cookies_,Britannia Treat Croissant Cocoa Creme Roll,Lotte Choco Pie Rich Cocoa,Monginis Muffins Chocolate Cake,Monginis Swiss Roll Choco Cake,Parle Real Elaichi Premium Rusk,,,,,,,,,,,,,,,,,,
Good day biscuits_,Hide _ seek biscuits_,Unibic biscuits_,Unibic chocolate cookies_,Parle Real Elaichi Premium Rusk,Kwality Maska Khari,Britannia Treat Croissant Cocoa Creme Roll,Lotte Choco Pie Rich Cocoa,Monginis Muffins Chocolate Cake,Monginis Swiss Roll Choco Cake,Parle Real Elaichi Premium Rusk,,,,,,,,,,,,,,,,,,
Hide _ seek biscuits_,Good day biscuits_,Unibic biscuits_,Unibic chocolate cookies_,Parle Real Elaichi Premium Rusk,Kwality Maska Khari,Britannia Treat Croissant Cocoa Creme Roll,Lotte Choco Pie Rich Cocoa,Monginis Muffins Chocolate Cake,Monginis Swiss Roll Choco Cake,Parle Real Elaichi Premium Rusk,Amul Garlic _ Herbs Buttery Spread,Amul Butter,Amul Cheese Chiplets,Amul Fresh Paneer,,,,,,,,,,,,,,
Unibic chocolate cookies_,Hide _ seek biscuits_,Good day biscuits_,Unibic biscuits_,Britannia Treat Croissant Cocoa Creme Roll,Lotte Choco Pie Rich Cocoa,Monginis Muffins Chocolate Cake,Monginis Swiss Roll Choco Cake,Kwality Maska Khari,Parle Real Elaichi Premium Rusk,Parle Real Elaichi Premium Rusk,,,,,,,,,,,,,,,,,,
Unibic biscuits_,Good day biscuits_,Hide _ seek biscuits_,Unibic chocolate cookies_,Parle Real Elaichi Premium Rusk,Kwality Maska Khari,Britannia Treat Croissant Cocoa Creme Roll,Lotte Choco Pie Rich Cocoa,Monginis Muffins Chocolate Cake,Monginis Swiss Roll Choco Cake,Parle Real Elaichi Premium Rusk,,,,,,,,,,,,,,,,,,
Suffola masala oats,Top Ramen Masala Noodles,Knorr Classic Thick Tomato Soup,Chitale Instant Khaman Mix,Maggie ketchup_,Home chef ketchup_,Red chilli sauce_,,,,,,,,,,,,,,,,,,,,,,
Borges Green Pitted Olives,Borges Hot Pepper Stuffed Green Olives,Maggie ketchup_,Home chef ketchup_,Red chilli sauce_,Dabar honey_,Kissan jam,Nutella_,Amul Garlic _ Herbs Buttery Spread,Amul Butter,Amul Cheese Chiplets,Amul Fresh Paneer,,,,,,,,,,,,,,,,,
Borges Hot Pepper Stuffed Green Olives,Borges Green Pitted Olives,Maggie ketchup_,Home chef ketchup_,Red chilli sauce_,Dabar honey_,Kissan jam,Nutella_,,,,,,,,,,,,,,,,,,,,,
Ferrero chocolate_,Nestle kitkat_,Lotte Choco Pie Rich Cocoa,Monginis Muffins Chocolate Cake,Monginis Swiss Roll Choco Cake,Britannia Treat Croissant Cocoa Creme Roll,Good day biscuits_,Hide _ seek biscuits_,Unibic chocolate cookies_,Nutella_,Amul Garlic _ Herbs Buttery Spread,Amul Butter,Amul Cheese Chiplets,Amul Fresh Paneer,,,,,,,,,,,,,,,
Nestle kitkat_,Ferrero chocolate_,Lotte Choco Pie Rich Cocoa,Monginis Muffins Chocolate Cake,Monginis Swiss Roll Choco Cake,Britannia Treat Croissant Cocoa Creme Roll,Good day biscuits_,Hide _ seek biscuits_,Unibic chocolate cookies_,Nutella_,,,,,,,,,,,,,,,,,,,
Baidyanath Shankha Pushpi Syrup 200 ml,Dabur Chyawanprash Awaleha 1 kg,Dabar honey_,Amul Garlic _ Herbs Buttery Spread,Amul Butter,Amul Cheese Chiplets,Amul Fresh Paneer,,,,,,,,,,,,,,,,,,,,,,
Dabur Chyawanprash Awaleha 1 kg,Baidyanath Shankha Pushpi Syrup 200 ml,Dabar honey_,Nutella_,Amul Garlic _ Herbs Buttery Spread,Amul Butter,Amul Cheese Chiplets,Amul Fresh Paneer,Nestlé Everyday Dairy Whitener,Amul Butter,Amul Garlic _ Herbs Buttery Spread,Amul Gold Homogenised Standardised Milk,Amul Masti Dahi,Amul Taaza Toned Milk,Chitale Full Cream Shrikhand Amba,Delicious Fat Spread,,,,Epigamia Low Fat Greek Yogurt Alphonso Mango,Yakult Light Health Drink,Amul Butter,Amul Cheese Chiplets,,,,,,
Dabar honey_,Nutella_,Dabur Chyawanprash Awaleha 1 kg,Kissan jam,Baidyanath Shankha Pushpi Syrup 200 ml,Amul Garlic _ Herbs Buttery Spread,Amul Butter,Amul Cheese Chiplets,Amul Fresh Paneer,,,Nestlé Everyday Dairy Whitener,Amul Butter,Amul Garlic _ Herbs Buttery Spread,Amul Gold Homogenised Standardised Milk,Amul Masti Dahi,Amul Taaza Toned Milk,Chitale Full Cream Shrikhand Amba,Delicious Fat Spread,Go Milk Double Toned Milk,Bisleri Club Soda,Brooke Bond Red Label Tea Carton,Bru Instant Coffee,,,,,,
Kissan jam,Maggie ketchup_,Home chef ketchup_,Red chilli sauce_,Nutella_,Dabar honey_,Amul Garlic _ Herbs Buttery Spread,Amul Butter,Amul Cheese Chiplets,Amul Fresh Paneer,Nestlé Everyday Dairy Whitener,Amul Butter,Amul Garlic _ Herbs Buttery Spread,Amul Gold Homogenised Standardised Milk,Amul Masti Dahi,Amul Taaza Toned Milk,Chitale Full Cream Shrikhand Amba,Delicious Fat Spread,,Gowardhan Paneer Classic Block,Amul Butter,Amul Cheese Chiplets,Amul Fresh Paneer,,,,,,
Nutella_,Amul Chocominis Chocolate Box,Nestle kitkat_,Lotte Choco Pie Rich Cocoa,Ferrero chocolate_,Monginis Muffins Chocolate Cake,Monginis Swiss Roll Choco Cake,Britannia Treat Croissant Cocoa Creme Roll,Good day biscuits_,Hide _ seek biscuits_,Unibic chocolate cookies_,Nestlé Everyday Dairy Whitener,Amul Butter,Amul Garlic _ Herbs Buttery Spread,Amul Gold Homogenised Standardised Milk,Amul Masti Dahi,Amul Taaza Toned Milk,Chitale Full Cream Shrikhand Amba,Delicious Fat Spread,Nandini Good Life Toned Milk,Amul Butter,Amul Cheese Chiplets,Amul Masti Dahi,,,,,,
Home chef ketchup_,Maggie ketchup_,Kissan jam,Red chilli sauce_,Nutella_,Dabar honey_,Amul Garlic _ Herbs Buttery Spread,Amul Butter,Amul Cheese Chiplets,Amul Fresh Paneer,,Amul Gold Homogenised Standardised Milk,Amul Masti Dahi,Amul Taaza Toned Milk,Chitale Full Cream Shrikhand Amba,Delicious Fat Spread,Amul Taaza Toned Milk,Chitale Full Cream Shrikhand Amba,Delicious Fat Spread,Nestlé Everyday Dairy Whitener,Amul Butter,Amul Garlic _ Herbs Buttery Spread,Amul Gold Homogenised Standardised Milk,,,,,,
Maggie ketchup_,Home chef ketchup_,Red chilli sauce_,Nutella_,Dabar honey_,Kissan jam,Amul Garlic _ Herbs Buttery Spread,Amul Butter,Amul Cheese Chiplets,Amul Fresh Paneer,,Nestlé Everyday Dairy Whitener,Amul Butter,Amul Garlic _ Herbs Buttery Spread,Amul Gold Homogenised Standardised Milk,Amul Masti Dahi,,,,Yakult Probiotic Health Drink,Yakult Light Health Drink,Epigamia Low Fat Greek Yogurt Alphonso Mango,Amul Masti Dahi,,,,,,
Red chilli sauce_,Maggie ketchup_,Home chef ketchup_,Kissan jam,Red chilli sauce_,Top Ramen Masala Noodles,Suffola masala oats,Knorr Classic Thick Tomato Soup,Chitale Instant Khaman Mix,Dabar honey_,Nutella_,Amul Butter,Amul Garlic _ Herbs Buttery Spread,Amul Gold Homogenised Standardised Milk,Amul Masti Dahi,Amul Taaza Toned Milk,,,,nutralite fat spread,,,,,,,,,
Premia Badishep,,,,,,,,,,,Nestlé Everyday Dairy Whitener,Amul Butter,Amul Garlic _ Herbs Buttery Spread,Amul Gold Homogenised Standardised Milk,Amul Masti Dahi,,,,,,,,,,,,,
Maggi Pazzta Cheese Macaroni,Top Ramen Masala Noodles,Suffola masala oats,Knorr Classic Thick Tomato Soup,Chitale Instant Khaman Mix,Borges Hot Pepper Stuffed Green Olives,Maggie ketchup_,Home chef ketchup_,Red chilli sauce_,Pravin Mango Pickle,,Amul Gold Homogenised Standardised Milk,Amul Masti Dahi,Amul Taaza Toned Milk,Chitale Full Cream Shrikhand Amba,Delicious Fat Spread,,,,,,,,,,,,,
Top Ramen Masala Noodles,Chitale Instant Khaman Mix,Maggi Pazzta Cheese Macaroni,Suffola masala oats,Red chilli sauce_,Maggie ketchup_,Home chef ketchup_,Borges Hot Pepper Stuffed Green Olives,Dabar honey_,,,Nestlé Everyday Dairy Whitener,Amul Butter,Amul Garlic _ Herbs Buttery Spread,Amul Gold Homogenised Standardised Milk,Amul Masti Dahi,,,,,,,,,,,,,
Pravin Mango Pickle,Red chilli sauce_,Maggie ketchup_,Home chef ketchup_,Borges Hot Pepper Stuffed Green Olives,Kissan jam,Knorr Classic Thick Tomato Soup,Maggi Pazzta Cheese Macaroni,Top Ramen Masala Noodles,,,Amul Butter,Amul Garlic _ Herbs Buttery Spread,Amul Gold Homogenised Standardised Milk,Amul Masti Dahi,Amul Taaza Toned Milk,,,,,,,,,,,,,
Chitale Instant Khaman Mix,Knorr Classic Thick Tomato Soup,Maggi Pazzta Cheese Macaroni,Top Ramen Masala Noodles,Suffola masala oats,Red chilli sauce_,Maggie ketchup_,Home chef ketchup_,Borges Hot Pepper Stuffed Green Olives,,,,,,,,,,,,,,,,,,,,
Haldiram bujia sev,Chitale Instant Khaman Mix,Maggi Pazzta Cheese Macaroni,Top Ramen Masala Noodles,Suffola masala oats,Knorr Classic Thick Tomato Soup,Maggie ketchup_,Home chef ketchup_,Borges Hot Pepper Stuffed Green Olives,Red chilli sauce_,,,,,,,,,,,,,,,,,,,
Knorr Classic Thick Tomato Soup,Chitale Instant Khaman Mix,Maggi Pazzta Cheese Macaroni,Top Ramen Masala Noodles,Suffola masala oats,Red chilli sauce_,Maggie ketchup_,Home chef ketchup_,Borges Hot Pepper Stuffed Green Olives,,,,,,,,,,,,,,,,,,,,
Amul Chocominis Chocolate Box,Nestle kitkat_,Lotte Choco Pie Rich Cocoa,Ferrero chocolate_,Monginis Muffins Chocolate Cake,Monginis Swiss Roll Choco Cake,Britannia Treat Croissant Cocoa Creme Roll,Good day biscuits_,Hide _ seek biscuits_,Unibic chocolate cookies_,Nutella_,,,,,,,,,,,,,,,,,,
