APPLE,Beans,black-sesame-seed,grapes,APPLE,watermelon,,Strawberry_,pineapple,Rajma,pineapple,pineapple,pineapple,,,,,,,,
cherry,Beetroot,coconut_oil,images1,cherry,APPLE,Strawberry_,Strawberry_,Strawberry_,seasametilblack,Rajma,Strawberry_,Strawberry_,Strawberry_,,,,,,,
DRAGONFRUIT,Broccoli,olive_oil,images2,DRAGONFRUIT,cherry,APPLE,Strawberry_,watermelon,til,seasametilblack,Rajma,watermelon,watermelon,watermelon,,,,,,
figs,Cabbages,peanut_oil,images3,figs,DRAGONFRUIT,cherry,APPLE,Watermelon_,Beans,til,seasametilblack,Watermelon_,Watermelon_,Watermelon_,,,,,,
grapes,Carrots,sesameoil,papaya,grapes,figs,DRAGONFRUIT,cherry,chanadal,Beetroot,Beans,til,chanadal,chanadal,chanadal,,,,,,
images1,Cauliflower,blackchana,pineapple,images1,grapes,figs,DRAGONFRUIT,dal,Broccoli,Beetroot,Beans,dal,dal,dal,,,,,,
images2,Garlic,chawlibeans,Strawberry_,images2,images1,grapes,figs,masoordal,Cabbages,Broccoli,Beetroot,masoordal,masoordal,masoordal,,,,,,
images3,Ginger,corn,watermelon,images3,images2,images1,grapes,masoordalbrown,Carrots,Cabbages,Broccoli,masoordalbrown,masoordalbrown,masoordalbrown,,,,,,
papaya,Potatoes,kabulichana,Watermelon_,papaya,images3,images2,images1,moongdal,Cauliflower,Carrots,Cabbages,moongdal,moongdal,moongdal,,,,,,
pineapple,Spinach,matki,chanadal,APPLE,papaya,images3,images2,turdal,Garlic,Cauliflower,Carrots,turdal,turdal,turdal,,,,,,
Strawberry_,Spring_onions,moong,turdal,cherry,pineapple,papaya,images3,almonds,Ginger,Garlic,Cauliflower,Carrots,Broccoli,Rajma,,,,,,
watermelon,masoordalbrown,Rajma,almonds,DRAGONFRUIT,Strawberry_,masoordal,papaya,dal,Potatoes,Ginger,Garlic,Cauliflower,Cabbages,seasametilblack,,,,,,
Watermelon_,moongdal,seasametilblack,black-sesame-seed,figs,watermelon,masoordalbrown,dal,masoordal,Spinach,Potatoes,Ginger,Garlic,Carrots,til,,,,,,
chanadal,turdal,til,coconut_oil,grapes,Watermelon_,moongdal,masoordal,masoordalbrown,Spring_onions,Spinach,Potatoes,Ginger,Cauliflower,Beans,,,,,,
dal,almonds,Beans,olive_oil,images1,chanadal,turdal,masoordalbrown,moongdal,watermelon,Spring_onions,Spinach,Potatoes,Garlic,Beetroot,,,,,,
masoordal,black-sesame-seed,Beetroot,peanut_oil,images2,dal,masoordal,moongdal,turdal,Watermelon_,watermelon,Spring_onions,Spinach,Ginger,Broccoli,,,,,,
masoordalbrown,coconut_oil,Broccoli,sesameoil,images3,masoordal,masoordalbrown,turdal,almonds,chanadal,Watermelon_,watermelon,Spring_onions,Potatoes,Cabbages,,,,,,
moongdal,olive_oil,Cabbages,blackchana,papaya,masoordalbrown,moongdal,almonds,anjeer,dal,chanadal,Watermelon_,watermelon,Spinach,Carrots,,,,,,
turdal,peanut_oil,Carrots,chawlibeans,APPLE,moongdal,turdal,anjeer,cashews,masoordal,dal,chanadal,Watermelon_,Spring_onions,Cauliflower,,,,,,
almonds,sesameoil,Cauliflower,APPLE,cherry,turdal,dal,cashews,dates,masoordalbrown,masoordal,dal,chanadal,watermelon,Garlic,,,,,,
anjeer,blackchana,Garlic,cherry,DRAGONFRUIT,almonds,masoordal,dates,pista,moongdal,masoordalbrown,masoordal,dal,Watermelon_,Ginger,,,,,,
cashews,chawlibeans,Ginger,DRAGONFRUIT,figs,masoordal,masoordalbrown,pista,raisinsblack,turdal,moongdal,masoordalbrown,masoordal,chanadal,Potatoes,,,,,,
dates,corn,Potatoes,figs,grapes,masoordalbrown,moongdal,raisinsblack,raisinsbrown,almonds,turdal,moongdal,masoordalbrown,dal,Spinach,,,,,,
pista,kabulichana,Spinach,grapes,images1,moongdal,turdal,raisinsbrown,walnut,anjeer,almonds,turdal,moongdal,masoordal,Spring_onions,,,,,,
raisinsblack,matki,Spring_onions,images1,images2,turdal,almonds,walnut,riceflour,cashews,anjeer,almonds,turdal,masoordalbrown,watermelon,,,,,,
raisinsbrown,moong,watermelon,images2,images3,masoordal,anjeer,riceflour,wheat,dates,cashews,anjeer,almonds,moongdal,Watermelon_,,,,,,
walnut,Rajma,Watermelon_,images3,papaya,masoordalbrown,cashews,wheat,wheatflour,pista,dates,cashews,anjeer,turdal,chanadal,,,,,,
riceflour,seasametilblack,chanadal,papaya,APPLE,moongdal,dates,wheatflour,dalda,masoordal,pista,dates,cashews,almonds,dal,,,,,,
wheat,til,dal,pineapple,cherry,turdal,pista,dalda,daldad,masoordalbrown,,pista,dates,anjeer,masoordal,,,,,,
wheatflour,Beans,masoordal,Strawberry_,DRAGONFRUIT,,raisinsblack,daldad,gowardhan,moongdal,masoordal,pista,cashews,masoordalbrown,,,,,,,
dalda,Beetroot,masoordalbrown,watermelon,figs,dal,raisinsbrown,gowardhan,prabhsat ghee,turdal,masoordalbrown,,walnut,dates,moongdal,,,,,,
daldad,Broccoli,moongdal,Watermelon_,grapes,masoordal,walnut,prabhsat ghee,avocado-oil,almonds,moongdal,masoordal,riceflour,pista,turdal,,,,,,
gowardhan,Cabbages,turdal,chanadal,images1,masoordalbrown,riceflour,avocado-oil,black-sesame-seed,anjeer,turdal,masoordalbrown,wheat,walnut,almonds,,,,,,
prabhsat ghee,Carrots,almonds,dal,images2,moongdal,wheat,black-sesame-seed,coconut_oil,cashews,almonds,moongdal,wheatflour,riceflour,anjeer,,,,,,
avocado-oil,Cauliflower,anjeer,masoordal,images3,turdal,wheatflour,coconut_oil,olive_oil,dates,anjeer,turdal,dalda,wheat,cashews,,,,,,
black-sesame-seed,Garlic,cashews,masoordalbrown,papaya,almonds,dal,olive_oil,peanut_oil,pista,cashews,almonds,daldad,wheatflour,dates,,,,,,
coconut_oil,Ginger,dates,moongdal,APPLE,anjeer,masoordal,peanut_oil,sesameoil,raisinsblack,dates,anjeer,gowardhan,dalda,pista,,,,,,
olive_oil,Potatoes,pista,turdal,cherry,cashews,masoordalbrown,sesameoil,blackchana,raisinsbrown,pista,cashews,prabhsat ghee,daldad,,,,,,,
peanut_oil,Spinach,Spring_onions,almonds,DRAGONFRUIT,dates,moongdal,blackchana,chawlibeans,walnut,raisinsblack,dates,avocado-oil,gowardhan,,,,,,,
sesameoil,Spring_onions,masoordalbrown,anjeer,figs,pista,turdal,chawlibeans,corn,riceflour,raisinsbrown,pista,black-sesame-seed,prabhsat ghee,,,,,,,
blackchana,watermelon,moongdal,cashews,grapes,raisinsblack,almonds,corn,kabulichana,wheat,walnut,raisinsblack,coconut_oil,avocado-oil,,,,,,,
chawlibeans,Watermelon_,turdal,dates,images1,raisinsbrown,anjeer,kabulichana,matki,wheatflour,riceflour,raisinsbrown,olive_oil,black-sesame-seed,,,,,,,
corn,chanadal,almonds,pista,images2,walnut,cashews,matki,moong,dalda,wheat,walnut,peanut_oil,coconut_oil,,,,,,,
kabulichana,dal,black-sesame-seed,raisinsblack,images3,riceflour,dates,moong,dalda,daldad,wheatflour,riceflour,,olive_oil,,,,,,,
matki,masoordal,coconut_oil,raisinsbrown,papaya,wheat,pista,dalda,daldad,gowardhan,dalda,wheat,,peanut_oil,,,,,,,
moong,masoordalbrown,olive_oil,walnut,APPLE,wheatflour,raisinsblack,daldad,gowardhan,prabhsat ghee,daldad,wheatflour,,,,,,,,,
Rajma,moongdal,peanut_oil,riceflour,cherry,images2,raisinsbrown,gowardhan,prabhsat ghee,avocado-oil,gowardhan,dalda,,,,,,,,,
seasametilblack,turdal,sesameoil,wheat,DRAGONFRUIT,images3,walnut,prabhsat ghee,avocado-oil,black-sesame-seed,prabhsat ghee,daldad,,,,,,,,,
til,almonds,blackchana,wheatflour,figs,papaya,riceflour,avocado-oil,black-sesame-seed,coconut_oil,avocado-oil,gowardhan,,,,,,,,,
Beans,anjeer,chawlibeans,APPLE,grapes,dal,wheat,black-sesame-seed,coconut_oil,olive_oil,black-sesame-seed,prabhsat ghee,,,,,,,,,
Beetroot,cashews,corn,cherry,images1,masoordal,wheatflour,coconut_oil,olive_oil,peanut_oil,coconut_oil,avocado-oil,,,,,,,,,
Broccoli,dates,kabulichana,DRAGONFRUIT,images2,masoordalbrown,dalda,olive_oil,peanut_oil,sesameoil,olive_oil,black-sesame-seed,,,,,,,,,
Cabbages,pista,matki,figs,images3,moongdal,daldad,peanut_oil,sesameoil,blackchana,peanut_oil,coconut_oil,,,,,,,,,
Carrots,watermelon,APPLE,grapes,papaya,turdal,gowardhan,sesameoil,blackchana,chawlibeans,sesameoil,olive_oil,,,,,,,,,
Cauliflower,Watermelon_,cherry,images1,APPLE,almonds,prabhsat ghee,blackchana,chawlibeans,corn,blackchana,peanut_oil,,,,,,,,,
Garlic,chanadal,DRAGONFRUIT,images2,cherry,anjeer,avocado-oil,chawlibeans,corn,,chawlibeans,sesameoil,,,,,,,,,
Ginger,dal,figs,images3,DRAGONFRUIT,cashews,black-sesame-seed,corn,kabulichana,,corn,blackchana,,,,,,,,,
Potatoes,masoordal,grapes,papaya,figs,dates,coconut_oil,kabulichana,matki,,,chawlibeans,,,,,,,,,
Spinach,masoordalbrown,images1,APPLE,grapes,pista,olive_oil,matki,moong,,,corn,,,,,,,,,
Spring_onions,moongdal,images2,cherry,images1,raisinsblack,peanut_oil,moong,Rajma,,,,,,,,,,,,
watermelon,turdal,images3,DRAGONFRUIT,images2,raisinsbrown,sesameoil,Rajma,seasametilblack,,,,,,,,,,,,
Watermelon_,almonds,papaya,figs,images3,walnut,blackchana,seasametilblack,til,,,,,,,,,,,,
chanadal,anjeer,APPLE,grapes,papaya,riceflour,chawlibeans,til,Beans,,,,,,,,,,,,
dal,cashews,cherry,images1,dalda,wheat,corn,Beans,Beetroot,,,,,,,,,,,,
masoordal,dates,DRAGONFRUIT,images2,daldad,wheatflour,kabulichana,Beetroot,Broccoli,,,,,,,,,,,,
masoordalbrown,pista,figs,images3,gowardhan,Rajma,matki,Broccoli,Cabbages,,,,,,,,,,,,
moongdal,APPLE,grapes,papaya,prabhsat ghee,seasametilblack,moong,Cabbages,Carrots,,,,,,,,,,,,
turdal,cherry,images1,dalda,avocado-oil,til,Rajma,Carrots,Cauliflower,,,,,,,,,,,,
almonds,DRAGONFRUIT,images2,daldad,black-sesame-seed,Beans,seasametilblack,Cauliflower,Garlic,,,,,,,,,,,,
anjeer,figs,images3,gowardhan,coconut_oil,Beetroot,til,Garlic,Ginger,,,,,,,,,,,,
cashews,grapes,papaya,prabhsat ghee,olive_oil,Broccoli,Beans,Ginger,Potatoes,,,,,,,,,,,,
dates,images1,APPLE,avocado-oil,peanut_oil,Cabbages,Beetroot,Potatoes,Spinach,,,,,,,,,,,,
pista,images2,cherry,black-sesame-seed,sesameoil,Carrots,Broccoli,Spinach,Spring_onions,,,,,,,,,,,,
APPLE,images3,DRAGONFRUIT,coconut_oil,blackchana,Cauliflower,Cabbages,Spring_onions,watermelon,,,,,,,,,,,,
cherry,papaya,figs,olive_oil,chawlibeans,Garlic,Carrots,watermelon,Watermelon_,,,,,,,,,,,,
DRAGONFRUIT,,grapes,peanut_oil,corn,Ginger,Cauliflower,Watermelon_,chanadal,,,,,,,,,,,,
figs,APPLE,images1,sesameoil,kabulichana,Potatoes,Garlic,chanadal,dal,,,,,,,,,,,,
grapes,cherry,images2,blackchana,matki,Spinach,Ginger,dal,masoordal,,,,,,,,,,,,
images1,DRAGONFRUIT,images3,chawlibeans,moong,Spring_onions,Potatoes,masoordal,masoordalbrown,,,,,,,,,,,,
images2,figs,papaya,corn,,watermelon,Spinach,masoordalbrown,moongdal,images3,grapes,Garlic,Carrots,watermelon,,,,,,,
images3,grapes,Garlic,Carrots,watermelon,Watermelon_,Spring_onions,moongdal,turdal,papaya,images1,Ginger,Cauliflower,Watermelon_,,,,,,,
papaya,images1,Ginger,Cauliflower,Watermelon_,chanadal,watermelon,turdal,almonds,dalda,images2,Potatoes,Garlic,chanadal,,,,,,,
dalda,images2,Potatoes,Garlic,chanadal,dal,Watermelon_,almonds,anjeer,daldad,images3,Spinach,Ginger,dal,,,,,,,
daldad,images3,Spinach,Ginger,dal,masoordal,Carrots,watermelon,Watermelon_,gowardhan,papaya,Spring_onions,Potatoes,masoordal,,,,,,,
gowardhan,papaya,Spring_onions,Potatoes,masoordal,masoordalbrown,Cauliflower,Watermelon_,chanadal,prabhsat ghee,,watermelon,Spinach,masoordalbrown,,,,,,,
prabhsat ghee,,watermelon,Spinach,masoordalbrown,moongdal,Garlic,chanadal,dal,avocado-oil,masoordal,Watermelon_,Spring_onions,moongdal,,,,,,,
avocado-oil,masoordal,Watermelon_,Spring_onions,moongdal,turdal,Ginger,dal,masoordal,black-sesame-seed,masoordalbrown,chanadal,watermelon,turdal,,,,,,,
black-sesame-seed,masoordalbrown,chanadal,watermelon,turdal,almonds,Potatoes,masoordal,masoordalbrown,coconut_oil,moongdal,masoordal,dates,Ginger,,,,,,,
coconut_oil,moongdal,masoordal,dates,Ginger,watermelon,Spinach,masoordalbrown,moongdal,olive_oil,turdal,masoordalbrown,pista,Potatoes,,,,,,,
olive_oil,turdal,masoordalbrown,pista,Potatoes,Watermelon_,Spring_onions,moongdal,turdal,peanut_oil,almonds,moongdal,Garlic,Carrots,,,,,,,
peanut_oil,almonds,moongdal,Garlic,Carrots,chanadal,watermelon,turdal,almonds,sesameoil,anjeer,turdal,Ginger,Cauliflower,,,,,,,
sesameoil,anjeer,turdal,Ginger,Cauliflower,Watermelon_,chanadal,masoordalbrown,,blackchana,cashews,almonds,Potatoes,Garlic,,,,,,,
blackchana,cashews,almonds,Potatoes,Garlic,chanadal,dal,moongdal,images3,grapes,Garlic,Carrots,watermelon,Ginger,,,,,,,
chawlibeans,dates,anjeer,Spinach,Ginger,dal,masoordal,turdal,papaya,images1,Ginger,Cauliflower,Watermelon_,Potatoes,,,,,,,
corn,pista,cashews,Spring_onions,Potatoes,masoordal,masoordalbrown,almonds,dalda,images2,Potatoes,Garlic,chanadal,Watermelon_,,,,,,,
kabulichana,Garlic,Carrots,watermelon,Watermelon_,masoordalbrown,moongdal,images3,grapes,Garlic,Carrots,watermelon,dal,chanadal,,,,,,,
matki,Ginger,Cauliflower,Watermelon_,chanadal,moongdal,turdal,papaya,images1,Ginger,Cauliflower,Watermelon_,masoordal,dal,,,,,,,
moong,Potatoes,Garlic,chanadal,dal,turdal,almonds,dalda,images2,Potatoes,Garlic,chanadal,masoordalbrown,APPLE,,,,,,,
APPLE,Beans,black-sesame-seed,grapes,APPLE,watermelon,,daldad,images3,Spinach,Ginger,dal,moongdal,cherry,,,,,,,
cherry,Beetroot,coconut_oil,images1,cherry,APPLE,Strawberry_,gowardhan,papaya,Spring_onions,Potatoes,masoordal,turdal,,,,,,,,
DRAGONFRUIT,Broccoli,olive_oil,images2,DRAGONFRUIT,cherry,APPLE,prabhsat ghee,,watermelon,Spinach,masoordalbrown,Ginger,,,,,,,,
figs,Cabbages,peanut_oil,images3,figs,DRAGONFRUIT,cherry,avocado-oil,masoordal,Watermelon_,Spring_onions,moongdal,Potatoes,,,,,,,,
grapes,Carrots,sesameoil,papaya,grapes,figs,DRAGONFRUIT,black-sesame-seed,masoordalbrown,chanadal,watermelon,turdal,Carrots,,,,,,,,
images1,Cauliflower,blackchana,pineapple,images1,grapes,figs,coconut_oil,moongdal,masoordal,dates,Ginger,Cauliflower,,,,,,,,
images2,Garlic,chawlibeans,Strawberry_,images2,images1,grapes,olive_oil,turdal,masoordalbrown,pista,Potatoes,Garlic,,,,,,,,
images3,Ginger,corn,watermelon,images3,images2,images1,peanut_oil,almonds,moongdal,Garlic,Carrots,Ginger,,,,,,,,
papaya,Potatoes,kabulichana,Watermelon_,papaya,images3,images2,sesameoil,anjeer,turdal,Ginger,Cauliflower,Potatoes,,,,,,,,
pineapple,Spinach,matki,chanadal,APPLE,papaya,images3,blackchana,cashews,almonds,Potatoes,Garlic,Watermelon_,,,,,,,,
Strawberry_,Spring_onions,moong,turdal,cherry,pineapple,papaya,chawlibeans,dates,anjeer,Spinach,Ginger,chanadal,,,,,,,,
watermelon,masoordalbrown,Rajma,almonds,DRAGONFRUIT,Strawberry_,masoordal,corn,pista,cashews,Spring_onions,Potatoes,dal,,,,,,,,
Watermelon_,moongdal,seasametilblack,black-sesame-seed,figs,watermelon,masoordalbrown,kabulichana,Garlic,Carrots,watermelon,Watermelon_,APPLE,,,,,,,,
chanadal,turdal,til,coconut_oil,grapes,Watermelon_,moongdal,matki,Ginger,Cauliflower,Watermelon_,chanadal,cherry,,,,,,,,
dal,almonds,Beans,olive_oil,images1,chanadal,turdal,moong,Potatoes,Garlic,chanadal,dal,,,,,,,,,
masoordal,black-sesame-seed,Beetroot,peanut_oil,images2,dal,masoordal,APPLE,Beans,black-sesame-seed,grapes,APPLE,,,,,,,,,
masoordalbrown,coconut_oil,Broccoli,sesameoil,images3,masoordal,masoordalbrown,cherry,Beetroot,coconut_oil,images1,cherry,,,,,,,,,
moongdal,olive_oil,Cabbages,blackchana,papaya,masoordalbrown,moongdal,almonds,anjeer,dal,images3,grapes,Garlic,Carrots,watermelon,,,,,,
turdal,peanut_oil,Carrots,chawlibeans,APPLE,moongdal,turdal,anjeer,cashews,masoordal,papaya,images1,Ginger,Cauliflower,Watermelon_,,,,,,
almonds,sesameoil,Cauliflower,APPLE,cherry,turdal,dal,cashews,dates,masoordalbrown,dalda,images2,Potatoes,Garlic,chanadal,,,,,,
images2,figs,papaya,corn,,watermelon,Spinach,blackchana,Garlic,cherry,daldad,images3,Spinach,Ginger,dal,moongdal,,,,,
images3,grapes,Garlic,Carrots,watermelon,Watermelon_,Spring_onions,chawlibeans,Ginger,DRAGONFRUIT,gowardhan,papaya,Spring_onions,Potatoes,masoordal,turdal,,,,,
papaya,images1,Ginger,Cauliflower,Watermelon_,chanadal,watermelon,corn,Potatoes,figs,prabhsat ghee,,watermelon,Spinach,masoordalbrown,almonds,,,,,
dalda,images2,Potatoes,Garlic,chanadal,dal,Watermelon_,kabulichana,Spinach,grapes,avocado-oil,masoordal,Watermelon_,Spring_onions,moongdal,anjeer,,,,,
daldad,images3,Spinach,Ginger,dal,masoordal,Carrots,matki,Spring_onions,images1,black-sesame-seed,masoordalbrown,chanadal,watermelon,turdal,cashews,,,,,
gowardhan,papaya,Spring_onions,Potatoes,masoordal,masoordalbrown,Cauliflower,moong,watermelon,images2,coconut_oil,moongdal,masoordal,dates,Ginger,dates,,,,,
prabhsat ghee,,watermelon,Spinach,masoordalbrown,moongdal,Garlic,Rajma,Watermelon_,images3,olive_oil,turdal,masoordalbrown,pista,Potatoes,pista,,,,,
avocado-oil,masoordal,Watermelon_,Spring_onions,moongdal,turdal,Ginger,seasametilblack,chanadal,papaya,peanut_oil,almonds,moongdal,Garlic,Carrots,masoordal,,,,,
black-sesame-seed,masoordalbrown,chanadal,watermelon,turdal,almonds,Potatoes,blackchana,Garlic,cherry,sesameoil,anjeer,turdal,Ginger,Cauliflower,moongdal,,,,,
coconut_oil,moongdal,masoordal,dates,Ginger,watermelon,Spinach,chawlibeans,Ginger,DRAGONFRUIT,blackchana,cashews,almonds,Potatoes,Garlic,turdal,,,,,
olive_oil,turdal,masoordalbrown,pista,Potatoes,Watermelon_,Spring_onions,corn,Potatoes,figs,chawlibeans,dates,anjeer,Spinach,Ginger,almonds,,,,,
peanut_oil,almonds,moongdal,Garlic,Carrots,chanadal,watermelon,kabulichana,Spinach,grapes,corn,pista,cashews,Spring_onions,Potatoes,anjeer,,,,,
anjeer,blackchana,Garlic,cherry,DRAGONFRUIT,almonds,masoordal,matki,Spring_onions,images1,kabulichana,Garlic,Carrots,watermelon,Watermelon_,cashews,,,,,
cashews,chawlibeans,Ginger,DRAGONFRUIT,figs,masoordal,masoordalbrown,moong,watermelon,images2,matki,Ginger,Cauliflower,Watermelon_,chanadal,dates,,,,,
dates,corn,Potatoes,figs,grapes,masoordalbrown,moongdal,Rajma,Watermelon_,images3,moong,Potatoes,Garlic,chanadal,dal,pista,,,,,
pista,kabulichana,Spinach,grapes,images1,moongdal,turdal,seasametilblack,chanadal,papaya,APPLE,Beans,black-sesame-seed,grapes,APPLE,masoordal,,,,,
raisinsblack,matki,Spring_onions,images1,images2,turdal,almonds,walnut,riceflour,cashews,cherry,Beetroot,coconut_oil,images1,cherry,,,,,,
raisinsbrown,moong,watermelon,images2,images3,masoordal,anjeer,riceflour,wheat,dates,cashews,anjeer,DRAGONFRUIT,Broccoli,olive_oil,images2,DRAGONFRUIT,,,,
walnut,Rajma,Watermelon_,images3,papaya,masoordalbrown,cashews,wheat,wheatflour,pista,dates,cashews,figs,Cabbages,peanut_oil,images3,figs,,,,
riceflour,seasametilblack,chanadal,papaya,APPLE,moongdal,dates,wheatflour,dalda,masoordal,pista,dates,grapes,Carrots,sesameoil,papaya,grapes,,,,
wheat,til,dal,pineapple,cherry,turdal,pista,dalda,daldad,masoordalbrown,,pista,images1,Cauliflower,blackchana,pineapple,images1,,,,
wheatflour,Beans,masoordal,Strawberry_,DRAGONFRUIT,,raisinsblack,daldad,gowardhan,moongdal,masoordal,pista,images2,Garlic,chawlibeans,Strawberry_,images2,,,,
dalda,Beetroot,masoordalbrown,watermelon,figs,dal,raisinsbrown,gowardhan,prabhsat ghee,turdal,masoordalbrown,,images3,Ginger,corn,watermelon,images3,,,,
daldad,Broccoli,moongdal,Watermelon_,grapes,masoordal,walnut,prabhsat ghee,avocado-oil,almonds,moongdal,masoordal,papaya,Potatoes,kabulichana,Watermelon_,papaya,,,,
gowardhan,Cabbages,turdal,chanadal,images1,masoordalbrown,riceflour,avocado-oil,black-sesame-seed,anjeer,turdal,masoordalbrown,pineapple,Spinach,matki,chanadal,APPLE,,,,
prabhsat ghee,Carrots,almonds,dal,images2,moongdal,wheat,black-sesame-seed,coconut_oil,cashews,almonds,moongdal,Strawberry_,Spring_onions,moong,turdal,cherry,,,,
avocado-oil,Cauliflower,anjeer,masoordal,images3,turdal,wheatflour,coconut_oil,olive_oil,dates,anjeer,turdal,watermelon,masoordalbrown,Rajma,almonds,DRAGONFRUIT,,,,
black-sesame-seed,Garlic,cashews,masoordalbrown,papaya,almonds,dal,olive_oil,peanut_oil,pista,cashews,almonds,Watermelon_,moongdal,seasametilblack,black-sesame-seed,figs,,,,
coconut_oil,Ginger,dates,moongdal,APPLE,anjeer,masoordal,peanut_oil,sesameoil,raisinsblack,dates,anjeer,chanadal,turdal,til,coconut_oil,grapes,,,,
DRAGONFRUIT,Broccoli,olive_oil,images2,DRAGONFRUIT,APPLE,moongdal,dates,wheatflour,dalda,masoordal,pista,dates,almonds,Beans,olive_oil,images1,,,,
figs,Cabbages,peanut_oil,images3,figs,cherry,turdal,pista,dalda,daldad,masoordalbrown,,pista,black-sesame-seed,Beetroot,peanut_oil,images2,,,,
grapes,Carrots,sesameoil,papaya,grapes,DRAGONFRUIT,,raisinsblack,daldad,gowardhan,moongdal,masoordal,pista,coconut_oil,Broccoli,sesameoil,images3,,,,
images1,Cauliflower,blackchana,pineapple,images1,figs,dal,raisinsbrown,gowardhan,prabhsat ghee,turdal,masoordalbrown,,olive_oil,Cabbages,blackchana,papaya,,,,
images2,Garlic,chawlibeans,Strawberry_,images2,grapes,masoordal,walnut,prabhsat ghee,avocado-oil,almonds,moongdal,masoordal,peanut_oil,Carrots,chawlibeans,APPLE,,,,
images3,Ginger,corn,watermelon,images3,images1,masoordalbrown,riceflour,avocado-oil,black-sesame-seed,anjeer,turdal,masoordalbrown,sesameoil,Cauliflower,APPLE,cherry,,,,
papaya,Potatoes,kabulichana,Watermelon_,papaya,images2,moongdal,wheat,black-sesame-seed,coconut_oil,cashews,almonds,moongdal,figs,papaya,corn,,,,,
pineapple,Spinach,matki,chanadal,APPLE,,,,,,,,images3,grapes,Garlic,Carrots,watermelon,,,,
Strawberry_,Spring_onions,moong,turdal,cherry,APPLE,moongdal,dates,wheatflour,dalda,masoordal,pista,dates,images1,Ginger,Cauliflower,Watermelon_,,,,
watermelon,masoordalbrown,Rajma,almonds,DRAGONFRUIT,cherry,turdal,pista,dalda,daldad,masoordalbrown,,pista,images2,Potatoes,Garlic,chanadal,,,,
Watermelon_,moongdal,seasametilblack,black-sesame-seed,figs,DRAGONFRUIT,,raisinsblack,daldad,gowardhan,moongdal,masoordal,pista,images3,Spinach,Ginger,dal,,,,
chanadal,turdal,til,coconut_oil,grapes,figs,dal,raisinsbrown,gowardhan,prabhsat ghee,turdal,masoordalbrown,,papaya,Spring_onions,Potatoes,masoordal,,,,
dal,almonds,Beans,olive_oil,images1,grapes,masoordal,walnut,prabhsat ghee,avocado-oil,almonds,moongdal,masoordal,,watermelon,Spinach,masoordalbrown,,,,
masoordal,black-sesame-seed,Beetroot,peanut_oil,images2,images1,masoordalbrown,riceflour,avocado-oil,black-sesame-seed,anjeer,turdal,masoordalbrown,masoordal,Watermelon_,Spring_onions,moongdal,,,,
masoordalbrown,coconut_oil,Broccoli,sesameoil,images3,images2,moongdal,wheat,black-sesame-seed,coconut_oil,cashews,almonds,moongdal,masoordalbrown,chanadal,watermelon,turdal,,,,
moongdal,olive_oil,Cabbages,blackchana,papaya,APPLE,moongdal,dates,wheatflour,dalda,masoordal,pista,dates,moongdal,masoordal,dates,Ginger,,,,
turdal,peanut_oil,Carrots,chawlibeans,APPLE,cherry,turdal,pista,dalda,daldad,masoordalbrown,,pista,turdal,masoordalbrown,pista,Potatoes,,,,
almonds,sesameoil,Cauliflower,APPLE,cherry,DRAGONFRUIT,,raisinsblack,daldad,gowardhan,moongdal,masoordal,pista,almonds,moongdal,Garlic,Carrots,,,,
images2,figs,papaya,corn,APPLE,moongdal,dates,wheatflour,dalda,masoordal,pista,dates,,blackchana,Garlic,cherry,DRAGONFRUIT,,,,
images3,grapes,Garlic,Carrots,cherry,turdal,pista,dalda,daldad,masoordalbrown,,pista,masoordal,chawlibeans,Ginger,DRAGONFRUIT,figs,,,,
papaya,images1,Ginger,Cauliflower,DRAGONFRUIT,,raisinsblack,daldad,gowardhan,moongdal,masoordal,pista,masoordalbrown,,,,,,,,
dalda,images2,Potatoes,Garlic,figs,dal,raisinsbrown,gowardhan,prabhsat ghee,turdal,masoordalbrown,,moongdal,,,,,,,,
daldad,images3,Spinach,Ginger,grapes,masoordal,walnut,prabhsat ghee,avocado-oil,almonds,moongdal,masoordal,APPLE,moongdal,dates,wheatflour,dalda,masoordal,pista,dates,
gowardhan,papaya,Spring_onions,Potatoes,images1,masoordalbrown,riceflour,avocado-oil,black-sesame-seed,anjeer,turdal,masoordalbrown,cherry,turdal,pista,dalda,daldad,masoordalbrown,,pista,
prabhsat ghee,,watermelon,Spinach,images2,moongdal,wheat,black-sesame-seed,coconut_oil,cashews,almonds,moongdal,DRAGONFRUIT,,raisinsblack,daldad,gowardhan,moongdal,masoordal,pista,
avocado-oil,masoordal,Watermelon_,Spring_onions,moongdal,APPLE,moongdal,dates,wheatflour,dalda,masoordal,pista,figs,dal,raisinsbrown,gowardhan,prabhsat ghee,turdal,masoordalbrown,,
black-sesame-seed,masoordalbrown,chanadal,watermelon,turdal,cherry,turdal,pista,dalda,daldad,masoordalbrown,,grapes,masoordal,walnut,prabhsat ghee,avocado-oil,almonds,moongdal,masoordal,
coconut_oil,moongdal,masoordal,dates,Ginger,DRAGONFRUIT,,raisinsblack,daldad,gowardhan,moongdal,masoordal,images1,masoordalbrown,riceflour,avocado-oil,black-sesame-seed,anjeer,turdal,masoordalbrown,
olive_oil,turdal,masoordalbrown,pista,Potatoes,figs,dal,raisinsbrown,gowardhan,prabhsat ghee,turdal,masoordalbrown,images2,moongdal,wheat,black-sesame-seed,coconut_oil,cashews,almonds,moongdal,
peanut_oil,almonds,moongdal,Garlic,Carrots,grapes,masoordal,walnut,prabhsat ghee,avocado-oil,almonds,moongdal,masoordal,APPLE,moongdal,dates,wheatflour,dalda,masoordal,pista,dates
anjeer,blackchana,Garlic,cherry,DRAGONFRUIT,images1,masoordalbrown,riceflour,avocado-oil,black-sesame-seed,anjeer,turdal,masoordalbrown,cherry,turdal,pista,dalda,daldad,masoordalbrown,,pista
cashews,chawlibeans,Ginger,DRAGONFRUIT,figs,images2,moongdal,wheat,black-sesame-seed,coconut_oil,cashews,almonds,moongdal,DRAGONFRUIT,,raisinsblack,daldad,gowardhan,moongdal,masoordal,pista
chanadal,turdal,til,coconut_oil,grapes,figs,dal,raisinsbrown,gowardhan,prabhsat ghee,turdal,masoordalbrown,,figs,dal,raisinsbrown,gowardhan,prabhsat ghee,turdal,masoordalbrown,
dal,almonds,Beans,olive_oil,images1,grapes,masoordal,walnut,prabhsat ghee,avocado-oil,almonds,moongdal,masoordal,grapes,masoordal,walnut,prabhsat ghee,avocado-oil,almonds,moongdal,masoordal
masoordal,black-sesame-seed,Beetroot,peanut_oil,images2,images1,masoordalbrown,riceflour,avocado-oil,black-sesame-seed,anjeer,turdal,masoordalbrown,images1,masoordalbrown,riceflour,avocado-oil,black-sesame-seed,anjeer,turdal,masoordalbrown
masoordalbrown,coconut_oil,Broccoli,sesameoil,images3,images2,moongdal,wheat,black-sesame-seed,coconut_oil,cashews,almonds,moongdal,images2,moongdal,wheat,black-sesame-seed,coconut_oil,cashews,almonds,moongdal
moongdal,olive_oil,Cabbages,blackchana,papaya,APPLE,moongdal,dates,wheatflour,dalda,masoordal,pista,dates,,,,,,,,
turdal,peanut_oil,Carrots,chawlibeans,APPLE,cherry,turdal,pista,dalda,daldad,masoordalbrown,,pista,,,,,,,,
almonds,sesameoil,Cauliflower,APPLE,cherry,DRAGONFRUIT,,raisinsblack,daldad,gowardhan,moongdal,masoordal,pista,,,,,,,,
images2,figs,papaya,corn,APPLE,moongdal,dates,wheatflour,dalda,masoordal,pista,dates,,,,,,,,,
images3,grapes,Garlic,Carrots,cherry,turdal,pista,dalda,daldad,masoordalbrown,,pista,masoordal,,,,,,,,
papaya,images1,Ginger,Cauliflower,DRAGONFRUIT,,raisinsblack,daldad,gowardhan,moongdal,masoordal,pista,masoordalbrown,,,,,,,,
dalda,images2,Potatoes,Garlic,figs,dal,raisinsbrown,gowardhan,prabhsat ghee,turdal,masoordalbrown,,moongdal,,,,,,,,
daldad,images3,Spinach,Ginger,grapes,masoordal,walnut,prabhsat ghee,avocado-oil,almonds,moongdal,masoordal,APPLE,,,,,,,,
gowardhan,papaya,Spring_onions,Potatoes,images1,masoordalbrown,riceflour,avocado-oil,black-sesame-seed,anjeer,turdal,masoordalbrown,cherry,,,,,,,,
1,2,3,4,5,6,7,8,9,10,,12,13,14,15,16,17,18,19,20,21,22,23,24,25,26,27,28,29,30
Bisleri Club Soda,Bisleri Water,Cadbury Bournvita Health Drink Refill,Diet Coke Tin,Red Bull Energy Drink,Sprite,Thums Up,Maaza Mango Drink,Bisleri Club Soda,Diet Coke Tin,Mapro Coolz Rose Sharbat,Red Bull Energy Drink,Rooh Afza,Sprite,,,,,,,,,,,,,,,,
Bisleri Water,Bisleri Club Soda,Brooke Bond Red Label Tea Carton,Bru Instant Coffee,Cadbury Hot Chocolate Drinking Powder,Diet Coke Tin,Lipton Green Tea Bags - Honey Lemon,Society Tea,wheatflour,riceflour,kabulichana,matki,masoordal,masoordalbrown,chanadal,Monginis Muffins Chocolate Cake,Nutella_,blackchana,chawlibeans,corn,kabulichana,Nestl� Everyday Dairy Whitener,Amul Butter,Amul Garlic _ Herbs Buttery Spread,Amul Gold Homogenised Standardised Milk,Amul Masti Dahi,Amul Taaza Toned Milk,Chitale Full Cream Shrikhand Amba,Delicious Fat Spread,
Brooke Bond Red Label Tea Carton,Bru Instant Coffee,Cadbury Bournvita Health Drink Refill,Cadbury Hot Chocolate Drinking Powder,Girnar Detox Desi Kahwa Green Tea,Le Cafe Coffee Jar,Lipton Green Tea Bags - Honey Lemon,Nescafe Gold Blend Coffee Jar,blackchana,chawlibeans,corn,kabulichana,Nestl� Everyday Dairy Whitener,Amul Butter,Amul Garlic _ Herbs Buttery Spread,Amul Gold Homogenised Standardised Milk,Amul Masti Dahi,Amul Taaza Toned Milk,Chitale Full Cream Shrikhand Amba,Delicious Fat Spread,,,,,,,,,,
Bru Instant Coffee,Cadbury Hot Chocolate Drinking Powder,Brooke Bond Red Label Tea Carton,Cadbury Bournvita Health Drink Refill,Girnar Detox Desi Kahwa Green Tea,Le Cafe Coffee Jar,Lipton Green Tea Bags - Honey Lemon,Nescaf� Classic Coffee Jar,blackchana,chawlibeans,corn,kabulichana,Nestl� Everyday Dairy Whitener,Amul Butter,Amul Garlic _ Herbs Buttery Spread,Amul Gold Homogenised Standardised Milk,Amul Masti Dahi,Amul Taaza Toned Milk,Chitale Full Cream Shrikhand Amba,Delicious Fat Spread,,,,,,,,,,
Cadbury Bournvita Health Drink Refill,Cadbury Hot Chocolate Drinking Powder,Girnar Detox Desi Kahwa Green Tea,Hershey_s Chocolate Syrup,Lipton Green Tea Bags - Honey Lemon,Pediasure Nutritional Powder - Premium Chocolate F,Protinex Original Health Drink,Tropicana Mixed Fruit Delight Juice,,,,Nestl� Everyday Dairy Whitener,Amul Butter,Amul Garlic _ Herbs Buttery Spread,Amul Gold Homogenised Standardised Milk,Amul Masti Dahi,Amul Taaza Toned Milk,Chitale Full Cream Shrikhand Amba,Delicious Fat Spread,,,,,,,,,,,
Cadbury Hot Chocolate Drinking Powder,Cadbury Bournvita Health Drink Refill,Girnar Detox Desi Kahwa Green Tea,Hershey_s Chocolate Syrup,Lipton Green Tea Bags - Honey Lemon,Pediasure Nutritional Powder - Premium Chocolate F,Protinex Original Health Drink,Bisleri Water,blackchana,chawlibeans,corn,kabulichana,Nestl� Everyday Dairy Whitener,Amul Butter,Amul Garlic _ Herbs Buttery Spread,Amul Gold Homogenised Standardised Milk,Amul Masti Dahi,Amul Taaza Toned Milk,Chitale Full Cream Shrikhand Amba,Delicious Fat Spread,,,,,,,,,,
Diet Coke Tin,Maaza Mango Drink,Red Bull Energy Drink,Sprite,Thums Up,Tropicana Mixed Fruit Delight Juice,Yakult Light Health Drink,Go Milk Double Toned Milk,,,,Nestl� Everyday Dairy Whitener,Amul Butter,Amul Garlic _ Herbs Buttery Spread,Amul Gold Homogenised Standardised Milk,Amul Masti Dahi,Amul Taaza Toned Milk,Chitale Full Cream Shrikhand Amba,Delicious Fat Spread,,,,,,,,,,,
Girnar Detox Desi Kahwa Green Tea,Brooke Bond Red Label Tea Carton,Bru Instant Coffee,Hershey_s Chocolate Syrup,Lipton Green Tea Bags - Honey Lemon,Nescaf� Classic Coffee Jar,Nescafe Gold Blend Coffee Jar,Tata Tea Gold,blackchana,chawlibeans,corn,kabulichana,,Maaza Mango Drink,Bisleri Club Soda,Diet Coke Tin,Mapro Coolz Rose Sharbat,Red Bull Energy Drink,Rooh Afza,Sprite,,,,,,,,,,
Hershey_s Chocolate Syrup,Maaza Mango Drink,Mapro Coolz Rose Sharbat,Pediasure Nutritional Powder - Premium Chocolate F,Protinex Chocolate Flavour Health Drink Tin,Tang Orange Powder,Monginis Muffins Chocolate Cake,Nutella_,Maaza Mango Drink,Bisleri Club Soda,Diet Coke Tin,Mapro Coolz Rose Sharbat,Red Bull Energy Drink,Rooh Afza,Sprite,,,,,,,,,,,,,,,
Le Cafe Coffee Jar,Bru Instant Coffee,Lipton Green Tea Bags - Honey Lemon,Nescaf� Classic Coffee Jar,Nescafe Gold Blend Coffee Jar,Good day biscuits_,Unibic chocolate cookies_,Protinex Original Health Drink,,,,Nestl� Everyday Dairy Whitener,Amul Butter,Amul Garlic _ Herbs Buttery Spread,Amul Gold Homogenised Standardised Milk,Amul Masti Dahi,Amul Taaza Toned Milk,Chitale Full Cream Shrikhand Amba,Delicious Fat Spread,,,,,,,,,,,
Lipton Green Tea Bags - Honey Lemon,Le Cafe Coffee Jar,Bru Instant Coffee,Nescaf� Classic Coffee Jar,Nescafe Gold Blend Coffee Jar,Good day biscuits_,Protinex Chocolate Flavour Health Drink Tin,Protinex Original Health Drink,,,,Nestl� Everyday Dairy Whitener,Amul Butter,Amul Garlic _ Herbs Buttery Spread,Amul Gold Homogenised Standardised Milk,Amul Masti Dahi,Amul Taaza Toned Milk,Chitale Full Cream Shrikhand Amba,Delicious Fat Spread,,,,,,,,,,,
Maaza Mango Drink,Bisleri Club Soda,Diet Coke Tin,Mapro Coolz Rose Sharbat,Red Bull Energy Drink,Rooh Afza,Sprite,Thums Up,Nestl� Everyday Dairy Whitener,Amul Butter,Amul Garlic _ Herbs Buttery Spread,Amul Gold Homogenised Standardised Milk,Amul Masti Dahi,Amul Taaza Toned Milk,Chitale Full Cream Shrikhand Amba,Delicious Fat Spread,,,,,,,,,,,,,,
Mapro Coolz Rose Sharbat,Bisleri Club Soda,Diet Coke Tin,Mapro Coolz Rose Sharbat,Red Bull Energy Drink,Rooh Afza,Sprite,Thums Up,Pediasure Nutritional Powder - Premium Chocolate F,Protinex Original Health Drink,Tropicana Mixed Fruit Delight Juice,blackchana,chawlibeans,corn,kabulichana,Nestl� Everyday Dairy Whitener,Amul Butter,Amul Garlic _ Herbs Buttery Spread,Amul Gold Homogenised Standardised Milk,Amul Masti Dahi,Amul Taaza Toned Milk,Chitale Full Cream Shrikhand Amba,Delicious Fat Spread,,,,,,,
Nescaf� Classic Coffee Jar,Nescaf� Classic Coffee,Nescafe Gold Blend Coffee Jar,Pediasure Nutritional Powder - Premium Chocolate F,Protinex Chocolate Flavour Health Drink Tin,Real Fruit Power Orange Juice,Red Bull Energy Drink,Society Tea,Pediasure Nutritional Powder - Premium Chocolate F,Protinex Original Health Drink,Bisleri Water,blackchana,chawlibeans,corn,kabulichana,matki,moong,Rooh Afza,Cadbury Bournvita Health Drink Refill,Diet Coke Tin,,,,,,,,,,
Nescaf� Classic Coffee,Nescaf� Classic Coffee Jar,Nescafe Gold Blend Coffee Jar,Pediasure Nutritional Powder - Premium Chocolate F,Real Fruit Power Orange Juice,Red Bull Energy Drink,Society Tea,Tata Tea Gold,Tropicana Mixed Fruit Delight Juice,Yakult Light Health Drink,Go Milk Double Toned Milk,blackchana,chawlibeans,corn,kabulichana,,,,,,,,,,,,,,,
Nescafe Gold Blend Coffee Jar,Nescaf� Classic Coffee,Pediasure Nutritional Powder - Premium Chocolate F,Real Fruit Power Orange Juice,Red Bull Energy Drink,Society Tea,Tata Tea Gold,Lipton Green Tea Bags - Honey Lemon,Nescaf� Classic Coffee Jar,Nescafe Gold Blend Coffee Jar,Tata Tea Gold,blackchana,chawlibeans,corn,kabulichana,matki,moong,Rooh Afza,Cadbury Bournvita Health Drink Refill,Diet Coke Tin,,,,,,,,,,
Pediasure Nutritional Powder - Premium Chocolate F,Bisleri Water,Cadbury Bournvita Health Drink Refill,Cadbury Hot Chocolate Drinking Powder,Lipton Green Tea Bags - Honey Lemon,Nescaf� Classic Coffee,Protinex Chocolate Flavour Health Drink Tin,Protinex Original Health Drink,Tang Orange Powder,Monginis Muffins Chocolate Cake,Nutella_,blackchana,chawlibeans,corn,kabulichana,,,,,,,,,,,,,,,
Protinex Chocolate Flavour Health Drink Tin,Brooke Bond Red Label Tea Carton,Bru Instant Coffee,Cadbury Bournvita Health Drink Refill,Cadbury Hot Chocolate Drinking Powder,Hershey_s Chocolate Syrup,Lipton Green Tea Bags - Honey Lemon,Pediasure Nutritional Powder - Premium Chocolate F,Good day biscuits_,Unibic chocolate cookies_,Protinex Original Health Drink,,,Maaza Mango Drink,Bisleri Club Soda,Diet Coke Tin,Mapro Coolz Rose Sharbat,Red Bull Energy Drink,Rooh Afza,Sprite,,,,,,,,,,
Protinex Original Health Drink,Bisleri Water,Cadbury Bournvita Health Drink Refill,Cadbury Hot Chocolate Drinking Powder,Maaza Mango Drink,Pediasure Nutritional Powder - Premium Chocolate F,Protinex Chocolate Flavour Health Drink Tin,Real Fruit Power Orange Juice,Good day biscuits_,Protinex Chocolate Flavour Health Drink Tin,Protinex Original Health Drink,blackchana,chawlibeans,corn,kabulichana,,,,,,,,,,,,,,,
Real Fruit Power Orange Juice,Bisleri Club Soda,Bisleri Water,Diet Coke Tin,Le Cafe Coffee Jar,Maaza Mango Drink,Red Bull Energy Drink,Rooh Afza,blackchana,chawlibeans,corn,kabulichana,matki,moong,Rooh Afza,Cadbury Bournvita Health Drink Refill,Diet Coke Tin,,,,,,,,,,,,,
Red Bull Energy Drink,Bisleri Water,Cadbury Bournvita Health Drink Refill,Diet Coke Tin,Lipton Green Tea Bags - Honey Lemon,Maaza Mango Drink,Rooh Afza,Sprite,blackchana,chawlibeans,corn,kabulichana,matki,moong,Rooh Afza,Cadbury Bournvita Health Drink Refill,Diet Coke Tin,,,,,,,,,,,,,
Rooh Afza,Cadbury Bournvita Health Drink Refill,Diet Coke Tin,Lipton Green Tea Bags - Honey Lemon,Red Bull Energy Drink,Maaza Mango Drink,Mapro Coolz Rose Sharbat,Tang Orange Powder,Nestl� Everyday Dairy Whitener,Amul Butter,Amul Garlic _ Herbs Buttery Spread,Amul Gold Homogenised Standardised Milk,Amul Masti Dahi,Amul Taaza Toned Milk,Chitale Full Cream Shrikhand Amba,Delicious Fat Spread,Nestl� Everyday Dairy Whitener,Amul Butter,Amul Garlic _ Herbs Buttery Spread,Amul Gold Homogenised Standardised Milk,Amul Masti Dahi,Amul Taaza Toned Milk,Chitale Full Cream Shrikhand Amba,Delicious Fat Spread,,,,,,
Society Tea,Brooke Bond Red Label Tea Carton,Bru Instant Coffee,Girnar Detox Desi Kahwa Green Tea,Hershey_s Chocolate Syrup,Le Cafe Coffee Jar,Lipton Green Tea Bags - Honey Lemon,Nescaf� Classic Coffee Jar,Amul Garlic _ Herbs Buttery Spread,Amul Butter,Amul Cheese Chiplets,Amul Fresh Paneer,blackchana,chawlibeans,corn,kabulichana,Nestl� Everyday Dairy Whitener,Amul Butter,Amul Garlic _ Herbs Buttery Spread,Amul Gold Homogenised Standardised Milk,Amul Masti Dahi,Amul Taaza Toned Milk,Chitale Full Cream Shrikhand Amba,Delicious Fat Spread,,,,,,
Sprite,Bisleri Water,Diet Coke Tin,Maaza Mango Drink,Mapro Coolz Rose Sharbat,Real Fruit Power Orange Juice,Red Bull Energy Drink,Tang Orange Powder,blackchana,chawlibeans,corn,kabulichana,,Maaza Mango Drink,Bisleri Club Soda,Diet Coke Tin,Mapro Coolz Rose Sharbat,Red Bull Energy Drink,Rooh Afza,Sprite,,,,,,,,,,
Tang Orange Powder,Bisleri Water,Bisleri Club Soda,Diet Coke Tin,Mapro Coolz Rose Sharbat,Pediasure Nutritional Powder - Premium Chocolate F,Protinex Chocolate Flavour Health Drink Tin,Good day biscuits_,Rooh Afza,Cadbury Bournvita Health Drink Refill,Diet Coke Tin,Lipton Green Tea Bags - Honey Lemon,blackchana,chawlibeans,corn,kabulichana,Nestl� Everyday Dairy Whitener,Amul Butter,Amul Garlic _ Herbs Buttery Spread,Amul Gold Homogenised Standardised Milk,Amul Masti Dahi,Amul Taaza Toned Milk,Chitale Full Cream Shrikhand Amba,Delicious Fat Spread,,,,,,
Tata Tea Gold,Brooke Bond Red Label Tea Carton,Bru Instant Coffee,Cadbury Hot Chocolate Drinking Powder,Diet Coke Tin,Girnar Detox Desi Kahwa Green Tea,Hershey_s Chocolate Syrup,Maaza Mango Drink,blackchana,chawlibeans,corn,kabulichana,,,,,,,,,,,,,,,,,,
Thums Up,Diet Coke Tin,Lipton Green Tea Bags - Honey Lemon,Maaza Mango Drink,Red Bull Energy Drink,Rooh Afza,Tang Orange Powder,Tropicana Mixed Fruit Delight Juice,blackchana,chawlibeans,corn,kabulichana,Nestl� Everyday Dairy Whitener,Amul Butter,Amul Garlic _ Herbs Buttery Spread,Amul Gold Homogenised Standardised Milk,Amul Masti Dahi,Amul Taaza Toned Milk,Chitale Full Cream Shrikhand Amba,Delicious Fat Spread,,,,,,,,,,
Tropicana Mixed Fruit Delight Juice,Bisleri Water,Diet Coke Tin,Maaza Mango Drink,Mapro Coolz Rose Sharbat,Real Fruit Power Orange Juice,Red Bull Energy Drink,Rooh Afza,blackchana,chawlibeans,corn,kabulichana,,,,,,,,,,,,,,,,,,
Yakult Light Health Drink,Bisleri Water,Cadbury Bournvita Health Drink Refill,Cadbury Hot Chocolate Drinking Powder,Diet Coke Tin,Maaza Mango Drink,Mapro Coolz Rose Sharbat,Real Fruit Power Orange Juice,blackchana,chawlibeans,corn,kabulichana,,,,,,,,,,,,,,,,,,
Amul Butter,Amul Cheese Chiplets,Amul Fresh Paneer,Amul Garlic _ Herbs Buttery Spread,Amul Masti Dahi,Amul Shrikhand Elaichi,Epigamia Low Fat Greek Yogurt Alphonso Mango,Yakult Probiotic Health Drink,blackchana,chawlibeans,corn,kabulichana,matki,moong,Rooh Afza,Cadbury Bournvita Health Drink Refill,Diet Coke Tin,,,,,,,,,,,,,
Amul Cheese Chiplets,Hershey_s Chocolate Syrup,Amul Butter,Amul Fresh Paneer,Amul Garlic _ Herbs Buttery Spread,Amul Masti Dahi,Amul Shrikhand Elaichi,Amul Taaza Toned Milk,blackchana,chawlibeans,corn,kabulichana,matki,moong,Rooh Afza,Cadbury Bournvita Health Drink Refill,Diet Coke Tin,,,,,,,,,,,,,
Amul Fresh Paneer,Amul Butter,Amul Cheese Chiplets,Amul Fresh Paneer,Amul Garlic _ Herbs Buttery Spread,Amul Gold Homogenised Standardised Milk,Amul Masti Dahi,Amul Taaza Toned Milk,blackchana,chawlibeans,corn,kabulichana,,,,,,,,,,,,,,,,,,
Amul Garlic _ Herbs Buttery Spread,Amul Butter,Amul Cheese Chiplets,Amul Fresh Paneer,Amul Masti Dahi,Amul Shrikhand Kesar,nutralite fat spread,Home chef ketchup_,blackchana,chawlibeans,corn,kabulichana,,,,,,,,,,,,,,,,,,
Amul Gold Homogenised Standardised Milk,Bisleri Water,Brooke Bond Red Label Tea Carton,Bru Instant Coffee,Cadbury Bournvita Health Drink Refill,Protinex Chocolate Flavour Health Drink Tin,Society Tea,Amul Taaza Toned Milk,blackchana,chawlibeans,corn,kabulichana,,,,,,,,,,,,,,,,,,
Amul Masti Dahi,Amul Butter,Amul Cheese Chiplets,Amul Garlic _ Herbs Buttery Spread,Amul Shrikhand Elaichi,Amul Taaza Toned Milk,Britannia Cheese Slices,Chitale Full Cream Shrikhand Amba,blackchana,chawlibeans,corn,kabulichana,Nestl� Everyday Dairy Whitener,Amul Butter,Amul Garlic _ Herbs Buttery Spread,Amul Gold Homogenised Standardised Milk,Amul Masti Dahi,Amul Taaza Toned Milk,Chitale Full Cream Shrikhand Amba,Delicious Fat Spread,,,,,,,,,,
Amul Shrikhand Elaichi,Epigamia Low Fat Greek Yogurt Alphonso Mango,Amul Cheese Chiplets,Amul Fresh Paneer,Amul Garlic _ Herbs Buttery Spread,Amul Masti Dahi,Amul Masti Dahi,Chitale Full Cream Shrikhand Amba,blackchana,chawlibeans,corn,kabulichana,Nestl� Everyday Dairy Whitener,Amul Butter,Amul Garlic _ Herbs Buttery Spread,Amul Gold Homogenised Standardised Milk,Amul Masti Dahi,Amul Taaza Toned Milk,Chitale Full Cream Shrikhand Amba,Delicious Fat Spread,,,,,,,,,,
Amul Shrikhand Kesar,Go Milk Double Toned Milk,Gowardhan Paneer Classic Block,Amul Cheese Chiplets,Amul Fresh Paneer,Amul Shrikhand Elaichi,Britannia Cheese Slices,Britannia Cheese Slices,blackchana,chawlibeans,corn,kabulichana,Nestl� Everyday Dairy Whitener,Amul Butter,Amul Garlic _ Herbs Buttery Spread,Amul Gold Homogenised Standardised Milk,Amul Masti Dahi,Amul Taaza Toned Milk,Chitale Full Cream Shrikhand Amba,Delicious Fat Spread,,,,,,,,,,
Amul Taaza Toned Milk,Brooke Bond Red Label Tea Carton,Bru Instant Coffee,Hershey_s Chocolate Syrup,Pediasure Nutritional Powder - Premium Chocolate F,Amul Gold Homogenised Standardised Milk,Amul Masti Dahi,Britannia Cheese Slices,blackchana,chawlibeans,corn,kabulichana,,,,,,,,,,,,,,,,,,
Britannia Cheese Slices,Amul Butter,Amul Cheese Chiplets,Amul Fresh Paneer,Amul Garlic _ Herbs Buttery Spread,Amul Gold Homogenised Standardised Milk,Amul Masti Dahi,Amul Shrikhand Elaichi,Nestl� Everyday Dairy Whitener,Amul Butter,Amul Garlic _ Herbs Buttery Spread,Amul Gold Homogenised Standardised Milk,Amul Masti Dahi,Amul Taaza Toned Milk,Chitale Full Cream Shrikhand Amba,Delicious Fat Spread,,,,,,,,,,,,,,
Chitale Full Cream Shrikhand Amba,Amul Butter,Amul Cheese Chiplets,Amul Fresh Paneer,Amul Garlic _ Herbs Buttery Spread,Amul Gold Homogenised Standardised Milk,Amul Shrikhand Kesar,Amul Taaza Toned Milk,blackchana,chawlibeans,corn,kabulichana,,,,,,,,,,,,,,,,,,
Delicious Fat Spread,Amul Butter,Amul Cheese Chiplets,Amul Fresh Paneer,Amul Garlic _ Herbs Buttery Spread,Amul Shrikhand Kesar,Amul Shrikhand Elaichi,Nutella_,Nestl� Everyday Dairy Whitener,Amul Butter,Amul Garlic _ Herbs Buttery Spread,Amul Gold Homogenised Standardised Milk,Amul Masti Dahi,Amul Taaza Toned Milk,Chitale Full Cream Shrikhand Amba,Delicious Fat Spread,,,,,,,,,,,,,,
Epigamia Low Fat Greek Yogurt Alphonso Mango,Yakult Light Health Drink,Amul Butter,Amul Cheese Chiplets,Amul Taaza Toned Milk,Go Milk Double Toned Milk,Nandini Good Life Toned Milk,Yakult Probiotic Health Drink,,blackchana,chawlibeans,corn,kabulichana,matki,moong,Rooh Afza,Cadbury Bournvita Health Drink Refill,Diet Coke Tin,,,,,,,,,,,,
Go Milk Double Toned Milk,Bisleri Club Soda,Brooke Bond Red Label Tea Carton,Bru Instant Coffee,Cadbury Hot Chocolate Drinking Powder,Hershey_s Chocolate Syrup,Pediasure Nutritional Powder - Premium Chocolate F,Protinex Chocolate Flavour Health Drink Tin,,blackchana,chawlibeans,corn,kabulichana,matki,moong,Rooh Afza,Cadbury Bournvita Health Drink Refill,Diet Coke Tin,,,,,,,,,,,,
Gowardhan Paneer Classic Block,Amul Butter,Amul Cheese Chiplets,Amul Fresh Paneer,Amul Garlic _ Herbs Buttery Spread,Amul Gold Homogenised Standardised Milk,Amul Masti Dahi,Amul Shrikhand Kesar,Nestl� Everyday Dairy Whitener,Amul Butter,Amul Garlic _ Herbs Buttery Spread,Amul Gold Homogenised Standardised Milk,Amul Masti Dahi,Amul Taaza Toned Milk,Chitale Full Cream Shrikhand Amba,Delicious Fat Spread,,,,,,,,,,,,,,
Nandini Good Life Toned Milk,Amul Butter,Amul Cheese Chiplets,Amul Masti Dahi,Amul Shrikhand Elaichi,Britannia Cheese Slices,Chitale Full Cream Shrikhand Amba,Epigamia Low Fat Greek Yogurt Alphonso Mango,blackchana,chawlibeans,corn,kabulichana,matki,moong,Rooh Afza,Cadbury Bournvita Health Drink Refill,Diet Coke Tin,,,,,,,,,,,,,
Nestl� Everyday Dairy Whitener,Amul Butter,Amul Garlic _ Herbs Buttery Spread,Amul Gold Homogenised Standardised Milk,Amul Masti Dahi,Amul Taaza Toned Milk,Chitale Full Cream Shrikhand Amba,Delicious Fat Spread,,,
Yakult Probiotic Health Drink,Yakult Light Health Drink,Epigamia Low Fat Greek Yogurt Alphonso Mango,Amul Masti Dahi,Amul Butter,Protinex Original Health Drink,,,,,
nutralite fat spread,,Maaza Mango Drink,Bisleri Club Soda,Diet Coke Tin,Mapro Coolz Rose Sharbat,Red Bull Energy Drink,Rooh Afza,Sprite,,
APPLE,cherry,DRAGONFRUIT,grapes,Maaza Mango Drink,papaya,Nestl� Everyday Dairy Whitener,Amul Butter,Amul Garlic _ Herbs Buttery Spread,Amul Gold Homogenised Standardised Milk,Amul Masti Dahi,Amul Taaza Toned Milk,Chitale Full Cream Shrikhand Amba,Delicious Fat Spread,,,,,,,,,,,,,,,,
cherry,pineapple,Strawberry_,watermelon,APPLE,grapes,Maaza Mango Drink,Bisleri Club Soda,Diet Coke Tin,Mapro Coolz Rose Sharbat,Red Bull Energy Drink,Rooh Afza,Sprite,,,,,,,,,,,,,,,,,
DRAGONFRUIT,Strawberry_,grapes,cherry,papaya,watermelon,Nestl� Everyday Dairy Whitener,Amul Butter,Amul Garlic _ Herbs Buttery Spread,Amul Gold Homogenised Standardised Milk,Amul Masti Dahi,Amul Taaza Toned Milk,Chitale Full Cream Shrikhand Amba,Delicious Fat Spread,,,,,,,,,,,,,,,,
figs,papaya,Strawberry_,watermelon,cherry,DRAGONFRUIT,Nestl� Everyday Dairy Whitener,Amul Butter,Amul Garlic _ Herbs Buttery Spread,Amul Gold Homogenised Standardised Milk,Amul Masti Dahi,Amul Taaza Toned Milk,Chitale Full Cream Shrikhand Amba,Delicious Fat Spread,,Maaza Mango Drink,Bisleri Club Soda,Diet Coke Tin,Mapro Coolz Rose Sharbat,Red Bull Energy Drink,Rooh Afza,Sprite,,,,,,,,
grapes,Strawberry_,papaya,pineapple,DRAGONFRUIT,cherry,Nestl� Everyday Dairy Whitener,Amul Butter,Amul Garlic _ Herbs Buttery Spread,Amul Gold Homogenised Standardised Milk,Amul Masti Dahi,Amul Taaza Toned Milk,Chitale Full Cream Shrikhand Amba,Delicious Fat Spread,,,,,,,,,,,,,,,,
images1,Maaza Mango Drink,Bisleri Club Soda,Diet Coke Tin,Mapro Coolz Rose Sharbat,Red Bull Energy Drink,Rooh Afza,Sprite,Amul Garlic _ Herbs Buttery Spread,Amul Gold Homogenised Standardised Milk,Amul Masti Dahi,Amul Taaza Toned Milk,Chitale Full Cream Shrikhand Amba,Delicious Fat Spread,,Maaza Mango Drink,Bisleri Club Soda,Diet Coke Tin,Mapro Coolz Rose Sharbat,Red Bull Energy Drink,Rooh Afza,Sprite,,,,,,,,
images2,Maaza Mango Drink,Bisleri Club Soda,Diet Coke Tin,Mapro Coolz Rose Sharbat,Red Bull Energy Drink,Rooh Afza,Sprite,Amul Garlic _ Herbs Buttery Spread,Amul Gold Homogenised Standardised Milk,Amul Masti Dahi,Amul Taaza Toned Milk,Chitale Full Cream Shrikhand Amba,Delicious Fat Spread,,,,,,,,,,,,,,,,
images3,Maaza Mango Drink,Bisleri Club Soda,Diet Coke Tin,Mapro Coolz Rose Sharbat,Red Bull Energy Drink,Rooh Afza,Sprite,Amul Garlic _ Herbs Buttery Spread,Amul Gold Homogenised Standardised Milk,Amul Masti Dahi,Amul Taaza Toned Milk,Chitale Full Cream Shrikhand Amba,Delicious Fat Spread,,,,,,,,,,,,,,,,
papaya,Strawberry_,DRAGONFRUIT,pineapple,grapes,cherry,almonds,anjeer,cashews,dates,
pineapple,papaya,Strawberry_,DRAGONFRUIT,Watermelon_,pineapple,Maaza Mango Drink,Bisleri Club Soda,Diet Coke Tin,Mapro Coolz Rose Sharbat,Red Bull Energy Drink,Rooh Afza,Sprite,,,,,,,,,,,,,,,,,
Strawberry_,grapes,papaya,Watermelon_,DRAGONFRUIT,grapes,Nestl� Everyday Dairy Whitener,Amul Butter,Amul Garlic _ Herbs Buttery Spread,Amul Gold Homogenised Standardised Milk,Amul Masti Dahi,Amul Taaza Toned Milk,Chitale Full Cream Shrikhand Amba,Delicious Fat Spread,,,,,,,,,,,,,,,,
watermelon,APPLE,grapes,Strawberry_,papaya,DRAGONFRUIT,Nestl� Everyday Dairy Whitener,Amul Butter,Amul Garlic _ Herbs Buttery Spread,Amul Gold Homogenised Standardised Milk,Amul Masti Dahi,Amul Taaza Toned Milk,Chitale Full Cream Shrikhand Amba,Delicious Fat Spread,,,,,,,,,,,,,,,,
Watermelon_,pineapple,APPLE,grapes,Strawberry_,papaya,Nestl� Everyday Dairy Whitener,Amul Butter,Amul Garlic _ Herbs Buttery Spread,Amul Gold Homogenised Standardised Milk,Amul Masti Dahi,Amul Taaza Toned Milk,Chitale Full Cream Shrikhand Amba,Delicious Fat Spread,,,,,,,,,,,,,,,,
chanadal,chanadal,masoordal,masoordalbrown,moongdal,dal,Rooh Afza,Cadbury Bournvita Health Drink Refill,Diet Coke Tin,Lipton Green Tea Bags - Honey Lemon,blackchana,chawlibeans,corn,kabulichana,matki,moong,Rooh Afza,Cadbury Bournvita Health Drink Refill,Diet Coke Tin,,,,,,,,,,,
dal,turdal,masoordalbrown,turdal,masoordal,moongdal,almonds,anjeer,cashews,dates,blackchana,chawlibeans,corn,kabulichana,matki,moong,Rooh Afza,Cadbury Bournvita Health Drink Refill,Diet Coke Tin,,,,,,,,,,,
masoordal,masoordalbrown,chanadal,dal,turdal,masoordal,Rooh Afza,Cadbury Bournvita Health Drink Refill,Diet Coke Tin,Lipton Green Tea Bags - Honey Lemon,blackchana,chawlibeans,corn,kabulichana,matki,moong,Rooh Afza,Cadbury Bournvita Health Drink Refill,Diet Coke Tin,,,,,,,,,,,
masoordalbrown,chanadal,turdal,dal,masoordalbrown,turdal,,,,blackchana,chawlibeans,corn,kabulichana,matki,moong,Rooh Afza,Cadbury Bournvita Health Drink Refill,Diet Coke Tin,,,,,,,,,,,,
moongdal,masoordal,chanadal,masoordal,dal,turdal,Rooh Afza,Cadbury Bournvita Health Drink Refill,Diet Coke Tin,Lipton Green Tea Bags - Honey Lemon,Nestl� Everyday Dairy Whitener,Amul Butter,Amul Garlic _ Herbs Buttery Spread,Amul Gold Homogenised Standardised Milk,Amul Masti Dahi,Amul Taaza Toned Milk,Chitale Full Cream Shrikhand Amba,Delicious Fat Spread,,,,,,,,,,,,
turdal,masoordal,masoordalbrown,moongdal,turdal,chanadal,almonds,anjeer,cashews,dates,Bisleri Club Soda,Bisleri Water,
almonds,anjeer,cashews,dates,walnut,raisinsblack,Rooh Afza,Cadbury Bournvita Health Drink Refill,Diet Coke Tin,Lipton Green Tea Bags - Honey Lemon,Nestl� Everyday Dairy Whitener,Amul Butter,Amul Garlic _ Herbs Buttery Spread,Amul Gold Homogenised Standardised Milk,Amul Masti Dahi,Amul Taaza Toned Milk,Chitale Full Cream Shrikhand Amba,Delicious Fat Spread,,,,,,,,,,,,
anjeer,almonds,pista,walnut,dates,raisinsbrown,,Nestl� Everyday Dairy Whitener,Amul Butter,Amul Garlic _ Herbs Buttery Spread,Amul Gold Homogenised Standardised Milk,Amul Masti Dahi,Amul Taaza Toned Milk,Chitale Full Cream Shrikhand Amba,Delicious Fat Spread,,,,,,,,,,,,,,,
cashews,cashews,anjeer,pista,walnut,raisinsblack,,almonds,anjeer,cashews,dates,almonds,anjeer,cashews,dates,Bisleri Club Soda,Bisleri Water,
dates,pista,almonds,anjeer,raisinsblack,walnut,almonds,anjeer,cashews,dates,Amul Gold Homogenised Standardised Milk,Amul Masti Dahi,Amul Taaza Toned Milk,Chitale Full Cream Shrikhand Amba,Delicious Fat Spread,,,,,,,,,,,,,,,
pista,almonds,cashews,walnut,anjeer,raisinsblack,,almonds,anjeer,cashews,dates,Bisleri Club Soda,Bisleri Water,
raisinsblack,cashews,almonds,pista,walnut,anjeer,almonds,anjeer,cashews,dates,almonds,anjeer,cashews,dates,Bisleri Club Soda,Bisleri Water,
raisinsbrown,dates,cashews,almonds,pista,walnut,almonds,anjeer,cashews,dates,almonds,anjeer,cashews,dates,Bisleri Club Soda,Bisleri Water,
walnut,cashews,pista,almonds,raisinsblack,anjeer,almonds,anjeer,cashews,dates,Bisleri Club Soda,Bisleri Water,
riceflour,wheat,kabulichana,matki,wheatflour,moong,Rooh Afza,Cadbury Bournvita Health Drink Refill,Diet Coke Tin,Lipton Green Tea Bags - Honey Lemon,Nestl� Everyday Dairy Whitener,Amul Butter,Amul Garlic _ Herbs Buttery Spread,Amul Gold Homogenised Standardised Milk,Amul Masti Dahi,Amul Taaza Toned Milk,Chitale Full Cream Shrikhand Amba,Delicious Fat Spread,,almonds,anjeer,cashews,dates,,,,,,,
wheat,riceflour,kabulichana,matki,wheatflour,moong,almonds,anjeer,cashews,dates,almonds,anjeer,cashews,dates,Bisleri Club Soda,Bisleri Water,
wheatflour,riceflour,kabulichana,matki,wheat,moong,almonds,anjeer,cashews,dates,Bisleri Club Soda,Bisleri Water,
dalda,gowardhan,daldad,prabhsat ghee,avocado-oil,coconut_oil,Rooh Afza,Cadbury Bournvita Health Drink Refill,Diet Coke Tin,Lipton Green Tea Bags - Honey Lemon,Nestl� Everyday Dairy Whitener,Amul Butter,Amul Garlic _ Herbs Buttery Spread,Amul Gold Homogenised Standardised Milk,Amul Masti Dahi,Amul Taaza Toned Milk,Chitale Full Cream Shrikhand Amba,Delicious Fat Spread,,,,,,,,,,,,
daldad,prabhsat ghee,gowardhan,coconut_oil,avocado-oil,olive_oil,almonds,anjeer,cashews,dates,almonds,anjeer,cashews,dates,Bisleri Club Soda,Bisleri Water,
gowardhan,dalda,prabhsat ghee,dalda,coconut_oil,olive_oil,almonds,anjeer,cashews,dates,almonds,anjeer,cashews,dates,Bisleri Club Soda,Bisleri Water,
prabhsat ghee,avocado-oil,dalda,peanut_oil,gowardhan,coconut_oil,Rooh Afza,Cadbury Bournvita Health Drink Refill,Diet Coke Tin,Lipton Green Tea Bags - Honey Lemon,Nestl� Everyday Dairy Whitener,Amul Butter,Amul Garlic _ Herbs Buttery Spread,Amul Gold Homogenised Standardised Milk,Amul Masti Dahi,Amul Taaza Toned Milk,Chitale Full Cream Shrikhand Amba,Delicious Fat Spread,,,,,,,,,,,,
avocado-oil,peanut_oil,avocado-oil,dalda,prabhsat ghee,gowardhan,,almonds,anjeer,cashews,dates,almonds,anjeer,cashews,dates,Bisleri Club Soda,Bisleri Water,
black-sesame-seed,avocado-oil,coconut_oil,sesameoil,dalda,prabhsat ghee,,almonds,anjeer,cashews,dates,almonds,anjeer,cashews,dates,,,,,,,,,,,,,,,
coconut_oil,peanut_oil,avocado-oil,black-sesame-seed,sesameoil,peanut_oil,Amul Garlic _ Herbs Buttery Spread,Amul Butter,Amul Cheese Chiplets,Amul Fresh Paneer,Nestl� Everyday Dairy Whitener,Amul Butter,Amul Garlic _ Herbs Buttery Spread,Amul Gold Homogenised Standardised Milk,Amul Masti Dahi,Amul Taaza Toned Milk,Chitale Full Cream Shrikhand Amba,Delicious Fat Spread,,almonds,anjeer,cashews,dates,,,,,,,
olive_oil,avocado-oil,coconut_oil,gowardhan,black-sesame-seed,sesameoil,Rooh Afza,Cadbury Bournvita Health Drink Refill,Diet Coke Tin,Lipton Green Tea Bags - Honey Lemon,Nestl� Everyday Dairy Whitener,Amul Butter,Amul Garlic _ Herbs Buttery Spread,Amul Gold Homogenised Standardised Milk,Amul Masti Dahi,Amul Taaza Toned Milk,Chitale Full Cream Shrikhand Amba,Delicious Fat Spread,,,,,,,,,,,,
peanut_oil,olive_oil,avocado-oil,prabhsat ghee,sesameoil,black-sesame-seed,Amul Garlic _ Herbs Buttery Spread,Amul Butter,Amul Cheese Chiplets,Amul Fresh Paneer,
sesameoil,peanut_oil,coconut_oil,gowardhan,prabhsat ghee,olive_oil,Rooh Afza,Cadbury Bournvita Health Drink Refill,Diet Coke Tin,Lipton Green Tea Bags - Honey Lemon,Nestl� Everyday Dairy Whitener,Amul Butter,Amul Garlic _ Herbs Buttery Spread,Amul Gold Homogenised Standardised Milk,Amul Masti Dahi,Amul Taaza Toned Milk,Chitale Full Cream Shrikhand Amba,Delicious Fat Spread,,,,,,,,,,,,
blackchana,chawlibeans,corn,kabulichana,matki,moong,Rooh Afza,Cadbury Bournvita Health Drink Refill,Diet Coke Tin,Lipton Green Tea Bags - Honey Lemon,Nestl� Everyday Dairy Whitener,Amul Butter,Amul Garlic _ Herbs Buttery Spread,Amul Gold Homogenised Standardised Milk,Amul Masti Dahi,Amul Taaza Toned Milk,Chitale Full Cream Shrikhand Amba,Delicious Fat Spread,,,,,,,,,,,,
chawlibeans,blackchana,chawlibeans,corn,kabulichana,matki,Rooh Afza,Cadbury Bournvita Health Drink Refill,Diet Coke Tin,Lipton Green Tea Bags - Honey Lemon,Nestl� Everyday Dairy Whitener,Amul Butter,Amul Garlic _ Herbs Buttery Spread,Amul Gold Homogenised Standardised Milk,Amul Masti Dahi,Amul Taaza Toned Milk,Chitale Full Cream Shrikhand Amba,Delicious Fat Spread,,,,,,,,,,,,
corn,matki,blackchana,chawlibeans,corn,kabulichana,Rooh Afza,Cadbury Bournvita Health Drink Refill,Diet Coke Tin,Lipton Green Tea Bags - Honey Lemon,
kabulichana,moong,matki,blackchana,chawlibeans,corn,Rooh Afza,Cadbury Bournvita Health Drink Refill,Diet Coke Tin,Lipton Green Tea Bags - Honey Lemon,Nestl� Everyday Dairy Whitener,Amul Butter,Amul Garlic _ Herbs Buttery Spread,Amul Gold Homogenised Standardised Milk,Amul Masti Dahi,Amul Taaza Toned Milk,Chitale Full Cream Shrikhand Amba,Delicious Fat Spread,,,,,,,,,,,,
matki,Rajma,moong,matki,blackchana,chawlibeans,Rooh Afza,Cadbury Bournvita Health Drink Refill,Diet Coke Tin,Lipton Green Tea Bags - Honey Lemon,Bisleri Club Soda,Bisleri Water,
moong,Rajma,moong,matki,blackchana,chawlibeans,chanadal,dal,masoordal,moongdal,corn,almonds,anjeer,cashews,dates,almonds,anjeer,cashews,dates,Bisleri Club Soda,Bisleri Water,
black-sesame-seed,avocado-oil,coconut_oil,sesameoil,dalda,prabhsat ghee,,almonds,anjeer,cashews,dates,almonds,anjeer,cashews,dates,Bisleri Club Soda,Bisleri Water,
coconut_oil,peanut_oil,avocado-oil,black-sesame-seed,sesameoil,peanut_oil,Amul Garlic _ Herbs Buttery Spread,Amul Butter,Amul Cheese Chiplets,Amul Fresh Paneer,Nestl� Everyday Dairy Whitener,Amul Butter,Amul Garlic _ Herbs Buttery Spread,Amul Gold Homogenised Standardised Milk,Amul Masti Dahi,Amul Taaza Toned Milk,Chitale Full Cream Shrikhand Amba,Delicious Fat Spread,,almonds,anjeer,cashews,dates,,,,,,,
olive_oil,avocado-oil,coconut_oil,gowardhan,black-sesame-seed,sesameoil,Rooh Afza,Cadbury Bournvita Health Drink Refill,Diet Coke Tin,Lipton Green Tea Bags - Honey Lemon,Nestl� Everyday Dairy Whitener,Amul Butter,Amul Garlic _ Herbs Buttery Spread,Amul Gold Homogenised Standardised Milk,Amul Masti Dahi,Amul Taaza Toned Milk,Chitale Full Cream Shrikhand Amba,Delicious Fat Spread,,,,,,,,,,,,
peanut_oil,olive_oil,avocado-oil,prabhsat ghee,sesameoil,black-sesame-seed,Amul Garlic _ Herbs Buttery Spread,Amul Butter,Amul Cheese Chiplets,Amul Fresh Paneer,
sesameoil,peanut_oil,coconut_oil,gowardhan,prabhsat ghee,olive_oil,Rooh Afza,Cadbury Bournvita Health Drink Refill,Diet Coke Tin,Lipton Green Tea Bags - Honey Lemon,Nestl� Everyday Dairy Whitener,Amul Butter,Amul Garlic _ Herbs Buttery Spread,Amul Gold Homogenised Standardised Milk,Amul Masti Dahi,Amul Taaza Toned Milk,Chitale Full Cream Shrikhand Amba,Delicious Fat Spread,,,,,,,,,,,,
blackchana,chawlibeans,corn,kabulichana,matki,moong,Rooh Afza,Cadbury Bournvita Health Drink Refill,Diet Coke Tin,Bisleri Club Soda,Bisleri WaterBisleri Club Soda,Bisleri Water,
peanut_oil,Amul Garlic _ Herbs Buttery Spread,Amul Butter,Amul Cheese Chiplets,Amul Fresh Paneer,Nestl� Everyday Dairy Whitener,Amul Butter,Amul Garlic _ Herbs Buttery Spread,Amul Gold Homogenised Standardised Milk,Amul Masti Dahi,Amul Taaza Toned Milk,Chitale Full Cream Shrikhand Amba,Delicious Fat Spread,,almonds,anjeer,cashews,dates,,,,,,,
olive_oil,avocado-oil,coconut_oil,gowardhan,black-sesame-seed,sesameoil,Rooh Afza,Cadbury Bournvita Health Drink Refill,Diet Coke Tin,Lipton Green Tea Bags - Honey Lemon,Nestl� Everyday Dairy Whitener,Amul Butter,Amul Garlic _ Herbs Buttery Spread,Amul Gold Homogenised Standardised Milk,Amul Masti Dahi,Amul Taaza Toned Milk,Chitale Full Cream Shrikhand Amba,Delicious Fat Spread,,,,,,,,,,,,
peanut_oil,olive_oil,avocado-oil,prabhsat ghee,sesameoil,black-sesame-seed,Amul Garlic _ Herbs Buttery Spread,Amul Butter,Amul Cheese Chiplets,Amul Fresh Paneer,
sesameoil,peanut_oil,coconut_oil,gowardhan,prabhsat ghee,olive_oil,Rooh Afza,Cadbury Bournvita Health Drink Refill,Diet Coke Tin,Lipton Green Tea Bags - Honey Lemon,Nestl� Everyday Dairy Whitener,Amul Butter,Amul Garlic _ Herbs Buttery Spread,Amul Gold Homogenised Standardised Milk,Amul Masti Dahi,Amul Taaza Toned Milk,Chitale Full Cream Shrikhand Amba,Delicious Fat Spread,,,,,,,,,,,,
blackchana,chawlibeans,corn,kabulichana,matki,moong,Rooh Afza,Cadbury Bournvita Health Drink Refill,Diet Coke Tin
Rajma,moong,matki,blackchana,chawlibeans,chanadal,dal,masoordal,moongdal,corn,kabulichana,Amul Garlic _ Herbs Buttery Spread,Amul Butter,Amul Cheese Chiplets,Amul Fresh Paneer,,,,,,,,,,,,,,,
seasametilblack,til,black-sesame-seed,sesameoil,Rajma,moong,matki,blackchana,chawlibeans,chawlibeans,corn,almonds,anjeer,cashews,dates,Bisleri Club Soda,Bisleri Water,
til,black-sesame-seed,sesameoil,Rajma,moong,matki,blackchana,chawlibeans,chawlibeans,corn,til,almonds,anjeer,cashews,dates,Bisleri Club Soda,Bisleri Water,
Beans,Beetroot,Broccoli,Cauliflower,Cabbages,Carrots,Spring_onions,Garlic,Ginger,Spinach,Potatoes,Amul Garlic _ Herbs Buttery Spread,Amul Butter,Amul Cheese Chiplets,Amul Fresh Paneer,,,,,,,,,,,,,,,
Beetroot,Carrots,Spring_onions,Garlic,Ginger,Spinach,Potatoes,Broccoli,Cauliflower,Cabbages,Beans,almonds,anjeer,cashews,dates,almonds,anjeer,cashews,dates,,,,,,,,,,,
Broccoli,Cauliflower,Cabbages,Beans,Spring_onions,Spinach,Garlic,Ginger,Carrots,Potatoes,Beetroot,almonds,anjeer,cashews,dates,Bisleri Club Soda,Bisleri Water,
Cabbages,Cauliflower,Broccoli,Spring_onions,Spinach,Beans,Garlic,Ginger,Carrots,Potatoes,Beetroot,almonds,anjeer,cashews,dates,Bisleri Club Soda,Bisleri Water,
Carrots,Beetroot,Potatoes,Ginger,Garlic,Spring_onions,Spinach,Beans,Cauliflower,Broccoli,Cabbages,almonds,anjeer,cashews,dates,Bisleri Club Soda,Bisleri Water,
Cauliflower,Cabbages,Broccoli,Spring_onions,Spinach,Beans,Beetroot,Potatoes,Ginger,Garlic,Carrots,Bisleri Club Soda,Bisleri Water,
Garlic,Ginger,Spring_onions,Beetroot,Potatoes,Carrots,Cabbages,Broccoli,Spinach,Beans,Cauliflower,Bisleri Club Soda,Bisleri Water,
Ginger,Garlic,Beetroot,Potatoes,Spring_onions,Carrots,Cabbages,Broccoli,Spinach,Beans,Cauliflower,Amul Garlic _ Herbs Buttery Spread,Amul Butter,Amul Cheese Chiplets,Amul Fresh Paneer,,,,,,,,,,,,,,,
Potatoes,Beetroot,Carrots,Spring_onions,Garlic,Ginger,Spinach,Broccoli,Cauliflower,Cabbages,Beans,Bisleri Club Soda,Bisleri Water,
Spinach,Spring_onions,Broccoli,Cauliflower,Cabbages,Beans,Beetroot,Carrots,Spring_onions,Garlic,Ginger,almonds,anjeer,cashews,dates,Bisleri Club Soda,Bisleri Water,
Spring_onions,Garlic,Ginger,Broccoli,Cauliflower,Cabbages,Beans,Beetroot,Carrots,Spinach,Potatoes,almonds,anjeer,cashews,dates,Bisleri Club Soda,Bisleri Water,
Britannia Treat Croissant Cocoa Creme Roll,Lotte Choco Pie Rich Cocoa,Monginis Swiss Roll Choco Cake,Parle Real Elaichi Premium Rusk,Kwality Maska Khari,Unibic chocolate cookies_,Parle Real Elaichi Premium Rusk,Good day biscuits_,Monginis Muffins Chocolate Cake,Hide _ seek biscuits_,Unibic biscuits_,Amul Garlic _ Herbs Buttery Spread,Amul Butter,Amul Cheese Chiplets,Amul Fresh Paneer,,,,,,,,,,,,,,,
Kwality Maska Khari,Parle Real Elaichi Premium Rusk,Parle Real Elaichi Premium Rusk,Hide _ seek biscuits_,Good day biscuits_,Unibic chocolate cookies_,Unibic biscuits_,Lotte Choco Pie Rich Cocoa,Monginis Swiss Roll Choco Cake,Monginis Muffins Chocolate Cake,Britannia Treat Croissant Cocoa Creme Roll
Lotte Choco Pie Rich Cocoa,Monginis Swiss Roll Choco Cake,Monginis Muffins Chocolate Cake,Britannia Treat Croissant Cocoa Creme Roll,Unibic chocolate cookies_,Unibic biscuits_,Hide _ seek biscuits_,Good day biscuits_,Parle Real Elaichi Premium Rusk,Parle Real Elaichi Premium Rusk,Kwality Maska Khari,Amul Garlic _ Herbs Buttery Spread,Amul Butter,Amul Cheese Chiplets,Amul Fresh Paneer,,almonds,anjeer,cashews,dates,,,,,,,,,,
Monginis Muffins Chocolate Cake,Monginis Swiss Roll Choco Cake,Lotte Choco Pie Rich Cocoa,Britannia Treat Croissant Cocoa Creme Roll,Unibic chocolate cookies_,Unibic biscuits_,Hide _ seek biscuits_,Good day biscuits_,Parle Real Elaichi Premium Rusk,Parle Real Elaichi Premium Rusk,Kwality Maska Khari,Nestl� Everyday Dairy Whitener,Amul Butter,Amul Garlic _ Herbs Buttery Spread,Amul Gold Homogenised Standardised Milk,Amul Masti Dahi,Amul Taaza Toned Milk,Chitale Full Cream Shrikhand Amba,Delicious Fat Spread,,,,,,,,,,,
Monginis Swiss Roll Choco Cake,Britannia Treat Croissant Cocoa Creme Roll,Lotte Choco Pie Rich Cocoa,Monginis Muffins Chocolate Cake,Unibic chocolate cookies_,Unibic biscuits_,Hide _ seek biscuits_,Good day biscuits_,Parle Real Elaichi Premium Rusk,Parle Real Elaichi Premium Rusk,Kwality Maska Khari,Nestl� Everyday Dairy Whitener,Amul Butter,Amul Garlic _ Herbs Buttery Spread,Amul Gold Homogenised Standardised Milk,Amul Masti Dahi,Amul Taaza Toned Milk,Chitale Full Cream Shrikhand Amba,Delicious Fat Spread,,,,,,,,,,,
Parle Real Elaichi Premium Rusk,Kwality Maska Khari,Unibic biscuits_,Hide _ seek biscuits_,Good day biscuits_,Unibic chocolate cookies_,Britannia Treat Croissant Cocoa Creme Roll,Lotte Choco Pie Rich Cocoa,Monginis Muffins Chocolate Cake,Monginis Swiss Roll Choco Cake,Parle Real Elaichi Premium Rusk
Good day biscuits_,Hide _ seek biscuits_,Unibic biscuits_,Unibic chocolate cookies_,Parle Real Elaichi Premium Rusk,Kwality Maska Khari,Britannia Treat Croissant Cocoa Creme Roll,Lotte Choco Pie Rich Cocoa,Monginis Muffins Chocolate Cake,Monginis Swiss Roll Choco Cake,Parle Real Elaichi Premium Rusk
Hide _ seek biscuits_,Good day biscuits_,Unibic biscuits_,Unibic chocolate cookies_,Parle Real Elaichi Premium Rusk,Kwality Maska Khari,Britannia Treat Croissant Cocoa Creme Roll,Lotte Choco Pie Rich Cocoa,Monginis Muffins Chocolate Cake,Monginis Swiss Roll Choco Cake,Parle Real Elaichi Premium Rusk,Amul Garlic _ Herbs Buttery Spread,Amul Butter,Amul Cheese Chiplets,Amul Fresh Paneer,,,,,,,,,,,,,,,
Unibic chocolate cookies_,Hide _ seek biscuits_,Good day biscuits_,Unibic biscuits_,Britannia Treat Croissant Cocoa Creme Roll,Lotte Choco Pie Rich Cocoa,Monginis Muffins Chocolate Cake,Monginis Swiss Roll Choco Cake,Kwality Maska Khari,Parle Real Elaichi Premium Rusk,Parle Real Elaichi Premium Rusk
Unibic biscuits_,Good day biscuits_,Hide _ seek biscuits_,Unibic chocolate cookies_,Parle Real Elaichi Premium Rusk,Kwality Maska Khari,Britannia Treat Croissant Cocoa Creme Roll,Lotte Choco Pie Rich Cocoa,Monginis Muffins Chocolate Cake,Monginis Swiss Roll Choco Cake,Parle Real Elaichi Premium Rusk
Suffola masala oats,Top Ramen Masala Noodles,Knorr Classic Thick Tomato Soup,Chitale Instant Khaman Mix,Maggie ketchup_,Home chef ketchup_,Red chilli sauce_,,,,
Borges Green Pitted Olives,Borges Hot Pepper Stuffed Green Olives,Maggie ketchup_,Home chef ketchup_,Red chilli sauce_,Dabar honey_,Kissan jam,Nutella_,Amul Garlic _ Herbs Buttery Spread,Amul Butter,Amul Cheese Chiplets,Amul Fresh Paneer,,,,,,,,,,,,,,,,,,
Borges Hot Pepper Stuffed Green Olives,Borges Green Pitted Olives,Maggie ketchup_,Home chef ketchup_,Red chilli sauce_,Dabar honey_,Kissan jam,Nutella_,,,
Ferrero chocolate_,Nestle kitkat_,Lotte Choco Pie Rich Cocoa,Monginis Muffins Chocolate Cake,Monginis Swiss Roll Choco Cake,Britannia Treat Croissant Cocoa Creme Roll,Good day biscuits_,Hide _ seek biscuits_,Unibic chocolate cookies_,Nutella_,Amul Garlic _ Herbs Buttery Spread,Amul Butter,Amul Cheese Chiplets,Amul Fresh Paneer,,,,,,,,,,,,,,,,
Nestle kitkat_,Ferrero chocolate_,Lotte Choco Pie Rich Cocoa,Monginis Muffins Chocolate Cake,Monginis Swiss Roll Choco Cake,Britannia Treat Croissant Cocoa Creme Roll,Good day biscuits_,Hide _ seek biscuits_,Unibic chocolate cookies_,Nutella_,
Baidyanath Shankha Pushpi Syrup 200 ml,Dabur Chyawanprash Awaleha 1 kg,Dabar honey_,Amul Garlic _ Herbs Buttery Spread,Amul Butter,Amul Cheese Chiplets,Amul Fresh Paneer,,,,
Dabur Chyawanprash Awaleha 1 kg,Baidyanath Shankha Pushpi Syrup 200 ml,Dabar honey_,Nutella_,Amul Garlic _ Herbs Buttery Spread,Amul Butter,Amul Cheese Chiplets,Amul Fresh Paneer,Nestl� Everyday Dairy Whitener,Amul Butter,Amul Garlic _ Herbs Buttery Spread,Amul Gold Homogenised Standardised Milk,Amul Masti Dahi,Amul Taaza Toned Milk,Chitale Full Cream Shrikhand Amba,Delicious Fat Spread,,,,Epigamia Low Fat Greek Yogurt Alphonso Mango,Yakult Light Health Drink,Amul Butter,Amul Cheese Chiplets,,,,,,,
Dabar honey_,Nutella_,Dabur Chyawanprash Awaleha 1 kg,Kissan jam,Baidyanath Shankha Pushpi Syrup 200 ml,Amul Garlic _ Herbs Buttery Spread,Amul Butter,Amul Cheese Chiplets,Amul Fresh Paneer,,,Nestl� Everyday Dairy Whitener,Amul Butter,Amul Garlic _ Herbs Buttery Spread,Amul Gold Homogenised Standardised Milk,Amul Masti Dahi,Amul Taaza Toned Milk,Chitale Full Cream Shrikhand Amba,Delicious Fat Spread,Go Milk Double Toned Milk,Bisleri Club Soda,Brooke Bond Red Label Tea Carton,Bru Instant Coffee,,,,,,,
Kissan jam,Maggie ketchup_,Home chef ketchup_,Red chilli sauce_,Nutella_,Dabar honey_,Amul Garlic _ Herbs Buttery Spread,Amul Butter,Amul Cheese Chiplets,Amul Fresh Paneer,Nestl� Everyday Dairy Whitener,Amul Butter,Amul Garlic _ Herbs Buttery Spread,Amul Gold Homogenised Standardised Milk,Amul Masti Dahi,Amul Taaza Toned Milk,Chitale Full Cream Shrikhand Amba,Delicious Fat Spread,,Gowardhan Paneer Classic Block,Amul Butter,Amul Cheese Chiplets,Amul Fresh Paneer,,,,,,,
Nutella_,Amul Chocominis Chocolate Box,Nestle kitkat_,Lotte Choco Pie Rich Cocoa,Ferrero chocolate_,Monginis Muffins Chocolate Cake,Monginis Swiss Roll Choco Cake,Britannia Treat Croissant Cocoa Creme Roll,Good day biscuits_,Hide _ seek biscuits_,Unibic chocolate cookies_,Nestl� Everyday Dairy Whitener,Amul Butter,Amul Garlic _ Herbs Buttery Spread,Amul Gold Homogenised Standardised Milk,Amul Masti Dahi,Amul Taaza Toned Milk,Chitale Full Cream Shrikhand Amba,Delicious Fat Spread,Nandini Good Life Toned Milk,Amul Butter,Amul Cheese Chiplets,Amul Masti Dahi,,,,,,,
Home chef ketchup_,Maggie ketchup_,Kissan jam,Red chilli sauce_,Nutella_,Dabar honey_,Amul Garlic _ Herbs Buttery Spread,Amul Butter,Amul Cheese Chiplets,Amul Fresh Paneer,,Amul Gold Homogenised Standardised Milk,Amul Masti Dahi,Amul Taaza Toned Milk,Chitale Full Cream Shrikhand Amba,Delicious Fat Spread,Amul Taaza Toned Milk,Chitale Full Cream Shrikhand Amba,Delicious Fat Spread,Nestl� Everyday Dairy Whitener,Amul Butter,Amul Garlic _ Herbs Buttery Spread,Amul Gold Homogenised Standardised Milk,,,,,,,
Maggie ketchup_,Home chef ketchup_,Red chilli sauce_,Nutella_,Dabar honey_,Kissan jam,Amul Garlic _ Herbs Buttery Spread,Amul Butter,Amul Cheese Chiplets,Amul Fresh Paneer,,Nestl� Everyday Dairy Whitener,Amul Butter,Amul Garlic _ Herbs Buttery Spread,Amul Gold Homogenised Standardised Milk,Amul Masti Dahi,,,,Yakult Probiotic Health Drink,Yakult Light Health Drink,Epigamia Low Fat Greek Yogurt Alphonso Mango,Amul Masti Dahi,,,,,,,
Red chilli sauce_,Maggie ketchup_,Home chef ketchup_,Kissan jam,Red chilli sauce_,Top Ramen Masala Noodles,Suffola masala oats,Knorr Classic Thick Tomato Soup,Chitale Instant Khaman Mix,Dabar honey_,Nutella_,Amul Butter,Amul Garlic _ Herbs Buttery Spread,Amul Gold Homogenised Standardised Milk,Amul Masti Dahi,Amul Taaza Toned Milk,,,,nutralite fat spread,,,,,,,,,,
Premia Badishep,Nestl� Everyday Dairy Whitener,Amul Butter,Amul Garlic _ Herbs Buttery Spread,Amul Gold Homogenised Standardised Milk,Amul Masti Dahi,,,,,,,,,,,,,,
Maggi Pazzta Cheese Macaroni,Top Ramen Masala Noodles,Suffola masala oats,Knorr Classic Thick Tomato Soup,Chitale Instant Khaman Mix,Borges Hot Pepper Stuffed Green Olives,Maggie ketchup_,Home chef ketchup_,Red chilli sauce_,Pravin Mango Pickle,,Amul Gold Homogenised Standardised Milk,Amul Masti Dahi,Amul Taaza Toned Milk,Chitale Full Cream Shrikhand Amba,Delicious Fat Spread,,,,,,,,,,,,,,
Top Ramen Masala Noodles,Chitale Instant Khaman Mix,Maggi Pazzta Cheese Macaroni,Suffola masala oats,Red chilli sauce_,Maggie ketchup_,Home chef ketchup_,Borges Hot Pepper Stuffed Green Olives,Dabar honey_,,,Nestl� Everyday Dairy Whitener,Amul Butter,Amul Garlic _ Herbs Buttery Spread,Amul Gold Homogenised Standardised Milk,Amul Masti Dahi,,,,,,,,,,,,,,
Pravin Mango Pickle,Red chilli sauce_,Maggie ketchup_,Home chef ketchup_,Borges Hot Pepper Stuffed Green Olives,Kissan jam,Knorr Classic Thick Tomato Soup,Maggi Pazzta Cheese Macaroni,Top Ramen Masala Noodles,,,Amul Butter,Amul Garlic _ Herbs Buttery Spread,Amul Gold Homogenised Standardised Milk,Amul Masti Dahi,Amul Taaza Toned Milk,,,,,,,,,,,,,,
Chitale Instant Khaman Mix,Knorr Classic Thick Tomato Soup,Maggi Pazzta Cheese Macaroni,Top Ramen Masala Noodles,Suffola masala oats,Red chilli sauce_,Maggie ketchup_,Home chef ketchup_,Borges Hot Pepper Stuffed Green Olives
Haldiram bujia sev,Chitale Instant Khaman Mix,Maggi Pazzta Cheese Macaroni,Top Ramen Masala Noodles,Suffola masala oats,Knorr Classic Thick Tomato Soup,Maggie ketchup_,Home chef ketchup_,Borges Hot Pepper Stuffed Green Olives,Red chilli sauce_,
Knorr Classic Thick Tomato Soup,Chitale Instant Khaman Mix,Maggi Pazzta Cheese Macaroni,Top Ramen Masala Noodles,Suffola masala oats,Red chilli sauce_,Maggie ketchup_,Home chef ketchup_,Borges Hot Pepper Stuffed Green Olives,,
Amul Chocominis Chocolate Box,Nestle kitkat_,Lotte Choco Pie Rich Cocoa,Ferrero chocolate_,Monginis Muffins Chocolate Cake,Monginis Swiss Roll Choco Cake,Britannia Treat Croissant Cocoa Creme Roll,Good day biscuits_,Hide _ seek biscuits_,Unibic chocolate cookies_,Nutella_
Bisleri Club Soda,Brooke Bond Red Label Tea Carton,Cadbury Hot Chocolate Drinking Powder,Le Cafe Coffee Jar,Mapro Coolz Rose Sharbat,Suffola masala oats,Red chilli sauce_,Amul Butter,Amul Cheese Chiplets,Amul Fresh Paneer
Bru Instant Coffee,Cadbury Hot Chocolate Drinking Powder,Cadbury Bournvita Health Drink Refill,Bru Instant Coffee,Diet Coke Tin,Girnar Detox Desi Kahwa Green Tea,Mapro Coolz Rose Sharbat,Pediasure Nutritional Powder - Premium Chocolate F,Nescafé Classic Coffee,Protinex Original Health Drink,Real Fruit Power Orange Juice,Red Bull Energy Drink
Bisleri Club Soda,Bisleri Water,Bru Instant Coffee,Diet Coke Tin,Thums Up,Tata Tea Gold,Tang Orange Powder,Sprite,Yakult Light Health Drink,Society Tea,Suffola masala oats,Red chilli sauce_,
Beans,Beetroot,Potatoes,Ginger,Garlic,Carrots,Brooke Bond Red Label Tea Carton,Broccoli,Cabbages,Tata Tea Gold,Thums Up,Tropicana Mixed Fruit Delight Juice
Bisleri Club Soda,Bisleri Water,Brooke Bond Red Label Tea Carton,Bru Instant Coffee,Cadbury Bournvita Health Drink Refill,Cadbury Hot Chocolate Drinking Powder,Diet Coke Tin,Girnar Detox Desi Kahwa Green Tea,Hershey_s Chocolate Syrup,Le Cafe Coffee Jar,Lipton Green Tea Bags - Honey Lemon,Maaza Mango Drink,Mapro Coolz Rose Sharbat,Nescafé Classic Coffee Jar,Nescafé Classic Coffee,Nescafe Gold Blend Coffee Jar,Pediasure Nutritional Powder - Premium Chocolate F,Protinex Chocolate Flavour Health Drink Tin,Protinex Original Health Drink,Real Fruit Power Orange Juice,Red Bull Energy Drink,Rooh Afza
Society Tea,Sprite,Tang Orange Powder,Tata Tea Gold,Thums Up,Tropicana Mixed Fruit Delight Juice,Yakult Light Health Drink,Amul Butter,Amul Cheese Chiplets,Amul Fresh Paneer,Amul Garlic _ Herbs Buttery Spread,Amul Gold Homogenised Standardised Milk,Amul Masti Dahi,Amul Shrikhand Elaichi,Amul Shrikhand Kesar
Amul Taaza Toned Milk,Britannia Cheese Slices,Chitale Full Cream Shrikhand Amba,Delicious Fat Spread,Epigamia Low Fat Greek Yogurt Alphonso Mango,Go Milk Double Toned Milk,Gowardhan Paneer Classic Block
Nandini Good Life Toned Milk,Nestlé Everyday Dairy Whitener,Yakult Probiotic Health Drink,APPLE,cherry,DRAGONFRUIT,figs
pineapple,Strawberry_,watermelon,Watermelon_,Beans,Beetroot,Potatoes,Ginger,Garlic,Carrots,chanadal,dal,masoordal,masoordalbrown,moongdal,turdal,almonds,anjeer,cashews,dates,pista,raisinsblack,raisinsbrown,walnut
riceflour,wheat,wheatflour,dalda,daldad,gowardhan,prabhsat ghee,avocado-oil,black-sesame-seed,coconut_oil,olive_oil,peanut_oil,sesameoil,blackchana
chawlibeans,corn,kabulichana,matki,moong,Rajma,seasametilblack,til,Beans,Beetroot,Broccoli,Cabbages,grapes,images1,images2,images3,papaya,pineapple
Nestlé Everyday Dairy Whitener,Yakult Probiotic Health Drink,APPLE,cherry,DRAGONFRUIT,figs,grapes
Carrots,Cauliflower,Garlic,Ginger,Potatoes,Spinach,Spring_onions,Nandini Good Life Toned Milk,Nestlé Everyday Dairy Whitener,Yakult Probiotic Health Drink,APPLE
Brooke Bond Red Label Tea Carton,Bru Instant Coffee,Cadbury Bournvita Health Drink Refill,dal,masoordal,masoordalbrown,moongdal,Society Tea,Sprite,Tang Orange Powder
Rajma,seasametilblack,til,Beans,Beetroot,Broccoli,Cabbages,Tata Tea Gold,Thums Up,Tropicana Mixed Fruit Delight Juice,Yakult Light Health Drink,Amul Butter
Nestlé Everyday Dairy Whitener,Yakult Probiotic Health Drink,APPLE,cherry,DRAGONFRUIT,figs,grapes,Broccoli,Cabbages,Tata Tea Gold,Thums Up,Tropicana Mixed Fruit Delight Juice
Nandini Good Life Toned Milk,Nestlé Everyday Dairy Whitener,Yakult Probiotic Health Drink,APPLE,cherry,grapes,images1,images2,images3,papaya,pineapple
Nestlé Everyday Dairy Whitener,Yakult Probiotic Health Drink,APPLE,cherry,DRAGONFRUIT,figs,grapes,kabulichana,matki,moong,Rajma,seasametilblack,til,Beans
til,Beans,Beetroot,Broccoli,Cabbages,kabulichana,matki,moong,Rajma,seasametilblack,Bisleri Club Soda,Bisleri Water,Brooke Bond Red Label Tea Carton,Bru Instant Coffee
Nandini Good Life Toned Milk,Bisleri Club Soda,Bisleri Water,Brooke Bond Red Label Tea Carton,Bru Instant Coffee,Nestlé Everyday Dairy Whitener,Yakult Probiotic Health Drink,APPLE,cherry,DRAGONFRUIT
masoordalbrown,moongdal,turdal,almonds,anjeer,cashews,kabulichana,matki,moong,Rajma,seasametilblack,til,Beans,Broccoli,Cabbages,Tata Tea Gold,Thums Up,Tropicana Mixed Fruit Delight Juice
Bru Instant Coffee,Bisleri Club Soda,Bisleri Water,Brooke Bond Red Label Tea Carton,Bru Instant Coffee,Cadbury Bournvita Health Drink Refill,Cadbury Hot Chocolate Drinking Powder,Diet Coke Tin,Girnar Detox Desi Kahwa Green Tea,Yakult Light Health Drink,Amul Butter,Amul Cheese Chiplets,Amul Fresh Paneer,Chitale Full Cream Shrikhand Amba,Delicious Fat Spread,Epigamia Low Fat Greek Yogurt Alphonso Mango,Go Milk Double Toned Milk,Gowardhan Paneer Classic Block
chanadal,dal,masoordal,masoordalbrown,moongdal,turdal,almonds,anjeer,cashews,dates,pista,gowardhan,prabhsat ghee,avocado-oil,black-sesame-seed,coconut_oil,olive_oil,peanut_oil,sesameoil,blackchana
grapes,images1,images2,images3,papaya,pineapple,grapes,images1,images2,images3,papaya,pineapple,grapes,images1,images2,images3,papaya,pineapple,coconut_oil,olive_oil,peanut_oil,sesameoil,blackchana
Bisleri Club Soda,Bisleri Water,Brooke Bond Red Label Tea Carton,Bru Instant Coffee,Bru Instant Coffee,Cadbury Bournvita Health Drink Refill,dal,masoordal,masoordal,masoordalbrown,moongdal,Society Tea,Sprite,Tang Orange Powder
Brooke Bond Red Label Tea Carton,Bru Instant Coffee,Cadbury Bournvita Health Drink Refill,gowardhan,prabhsat ghee,avocado-oil,black-sesame-seed,coconut_oil,olive_oil,peanut_oil,sesameoil,blackchana,Bru Instant Coffee,Cadbury Bournvita Health Drink Refill,dal,masoordal
Bisleri Club Soda,Bisleri Water,Brooke Bond Red Label Tea Carton,Bru Instant Coffee,Cadbury Bournvita Health Drink Refill,Brooke Bond Red Label Tea Carton,Bru Instant Coffee,Bru Instant Coffee,Cadbury Bournvita Health Drink Refill,dal,masoordal
Thums Up,Tropicana Mixed Fruit Delight Juice,Thums Up,Tropicana Mixed Fruit Delight Juice,Yakult Light Health Drink,Amul Butter,Amul Cheese Chiplets,Yakult Light Health Drink,Amul Butter,Amul Cheese Chiplets
Brooke Bond Red Label Tea Carton,Bru Instant Coffee,Cadbury Bournvita Health Drink Refill,gowardhan,prabhsat ghee,avocado-oil,Thums Up,Tropicana Mixed Fruit Delight Juice,Yakult Light Health Drink,Amul Butter,Amul Cheese Chiplets,black-sesame-seed,coconut_oil,olive_oil,peanut_oil,sesameoil,blackchana
Yakult Light Health Drink,Amul Butter,Amul Cheese Chiplets,Amul Fresh Paneer,Amul Garlic _ Herbs Buttery Spread,Amul Gold Homogenised Standardised Milk,Amul Masti Dahi,Amul Shrikhand Elaichi,Amul Shrikhand Kesar
grapes,images1,images2,images3,papaya,pineapple,Nestlé Everyday Dairy Whitener,Yakult Probiotic Health Drink,Beans,Beetroot,Potatoes,Ginger,Garlic,Carrots,masoordal,masoordalbrown,moongdal,Society Tea,Sprite,Tang Orange Powder
dates,pista,gowardhan,prabhsat ghee,avocado-oil,black-sesame-seed,coconut_oil,olive_oil,peanut_oil,sesameoil,blackchana,Nandini Good Life Toned Milk,Bisleri Club Soda,Bisleri Water,Brooke Bond Red Label Tea Carton,Bru Instant Coffee
Cadbury Hot Chocolate Drinking Powder,Diet Coke Tin,Girnar Detox Desi Kahwa Green Tea,Yakult Light Health Drink,Amul Butter,Amul Cheese Chiplets,Amul Fresh Paneer,Chitale Full Cream Shrikhand Amba,Delicious Fat Spread,Epigamia Low Fat Greek Yogurt Alphonso Mango,Go Milk Double Toned Milk,Gowardhan Paneer Classic Block
Cadbury Hot Chocolate Drinking Powder,Diet Coke Tin,Girnar Detox Desi Kahwa Green Tea,Yakult Light Health Drink,Amul Butter,Amul Cheese Chiplets,Amul Fresh Paneer,Chitale Full Cream Shrikhand Amba,Delicious Fat Spread,Epigamia Low Fat Greek Yogurt Alphonso Mango,Go Milk Double Toned Milk,Gowardhan Paneer Classic Block
Bisleri Club Soda,Brooke Bond Red Label Tea Carton,Mapro Coolz Rose Sharbat,Suffola masala oats,Red chilli sauce_,Amul Butter,Amul Cheese Chiplets,Amul Fresh Paneer
Bru Instant Coffee,Diet Coke Tin,Girnar Detox Desi Kahwa Green Tea,Mapro Coolz Rose Sharbat,Pediasure Nutritional Powder - Premium Chocolate F,Nescafé Classic Coffee,Protinex Original Health Drink,Real Fruit Power Orange Juice,Red Bull Energy Drink
Bisleri Club Soda,Bisleri Water,Bru Instant Coffee,Diet Coke Tin,Thums Up,,Tata Tea Gold,Tang Orange Powder,Sprite,Yakult Light Health Drink,Society Tea,Suffola masala oats,Red chilli sauce_,
Beans,Beetroot,Potatoes,Ginger,Garlic,Carrots,Brooke Bond Red Label Tea Carton,Broccoli,Cabbages,Tata Tea Gold,Thums Up,Tropicana Mixed Fruit Delight Juice,Bisleri Club Soda,Bisleri Water,
Bisleri Club Soda,Bisleri Water,
Diet Coke Tin,Girnar Detox Desi Kahwa Green Tea,Tropicana Mixed Fruit Delight Juice,Yakult Light Health Drink,Amul Butter,Amul Cheese Chiplets,Yakult Light Health Drink,Amul Butter,Amul Cheese Chiplets
Brooke Bond Red Label Tea Carton,Bru Instant Coffee,Cadbury Bournvita Health Drink Refill,gowardhan,prabhsat ghee,avocado-oil,Thums Up,Tropicana Mixed Fruit Delight Juice,Yakult Light Health Drink,Amul Butter,Amul Cheese Chiplets,black-sesame-seed,coconut_oil,olive_oil,peanut_oil,sesameoil,blackchana
Yakult Light Health Drink,Amul Butter,Amul Cheese ChipletsYakult Light Health Drink,Amul Butter
Bru Instant Coffee,Cadbury Bournvita Health Drink Refill,Brooke Bond Red Label Tea Carton,Bru Instant Coffee,Bru Instant Coffee,Cadbury Bournvita Health Drink Refill,dal,masoordal
Thums Up,Tropicana Mixed Fruit Delight Juice,Thums Up,Amul Fresh Paneer,Amul Garlic _ Herbs Buttery Spread,Amul Gold Homogeni
Bisleri Club Soda,Brooke Bond Red Label Tea Carton,Mapro Coolz Rose Sharbat,Suffola masala oats,Red chilli sauce_,Amul Butter,Amul Cheese Chiplets,Amul Fresh Paneer
Bru Instant Coffee,Diet Coke Tin,Girnar Detox Desi Kahwa Green Tea,Mapro Coolz Rose Sharbat,Pediasure Nutritional Powder - Premium Chocolate F,Nescafé Classic Coffee,Protinex Original Health Drink,Real Fruit Power Orange Juice,Red Bull Energy Drink
Bisleri Club Soda,Bisleri Water,Bru Instant Coffee,Diet Coke Tin,Thums Up,,Tata Tea Gold,Tang Orange Powder,Sprite,Yakult Light Health Drink,Society Tea,Suffola masala oats,Red chilli sauce_,
Beans,Beetroot,Potatoes,Ginger,Garlic,Carrots,Brooke Bond Red Label Tea Carton,Broccoli,Cabbages,Tata Tea Gold,Thums Up,Tropicana Mixed Fruit Delight Juice
Bisleri Club Soda,Bisleri Water,Brooke Bond Red Label Tea Carton,Bru Instant Coffee,Cadbury Bournvita Health Drink Refill
Tropicana Mixed Fruit Delight Juice,Yakult Light Health Drink,Amul Butter,Amul Cheese Chiplets,Yakult Light Health Drink,Amul Butter,Amul Cheese Chiplets
Brooke Bond Red Label Tea Carton,Bru Instant Coffee,Cadbury Bournvita Health Drink Refill,gowardhan,prabhsat ghee,avocado-oil,Thums Up,Tropicana Mixed Fruit Delight Juice,Yakult Light Health Drink,Amul Butter,Amul Cheese Chiplets,black-sesame-seed,coconut_oil,olive_oil,peanut_oil,sesameoil,blackchana
Yakult Light Health Drink,Amul Butter,Amul Cheese Chiplets,Thums Up,Tropicana Mixed Fruit Delight Juice,Yakult Light Health Drink,Amul Butter,Amul Cheese Chiplets,Yakult Light Health Drink,Amul Butter,Amul Cheese Chiplets
Brooke Bond Red Label Tea Carton,Bru Instant Coffee,Cadbury Bournvita Health Drink Refill,gowardhan,prabhsat ghee,avocado-oil,Thums Up,Tropicana Mixed Fruit Delight Juice,Yakult Light Health Drink,Amul Butter,Amul Cheese Chiplets,black-sesame-seed,coconut_oil,olive_oil,peanut_oil,sesameoil,blackchana
Yakult Light Health Drink,Amul Butter,Amul Cheese Chiplets,Amul Fresh Paneer,Amul Garlic _ Herbs Buttery Spread,Amul Gold Homogenised Standardised Milk,Amul Masti Dahi,Amul Shrikhand Elaichi,Amul Shrikhand Kesar
grapes,images1,images2,images3,papaya,pineapple,Nestlé Everyday Dairy Whitener,Yakult Probiotic Health Drink,Beans,Beetroot,Potatoes,Ginger,Garlic,Carrots,masoordal,masoordalbrown,moongdal,Society Tea,Sprite,Tang Orange Powder
dates,pista,gowardhan,prabhsat ghee,avocado-oil,black-sesame-seed,coconut_oil,olive_oil,peanut_oil,sesameoil,blackchana,Nandini Good Life Toned Milk,Bisleri Club Soda,Bisleri Water,Brooke Bond Red Label Tea Carton,Bru Instant Coffee
Cadbury Hot Chocolate Drinking Powder,Diet Coke Tin,Girnar Detox Desi Kahwa Green Tea
